Week,D01.all,D01.allV%,D01.65+,D01.65+V%,D02.all,D02.allV%,D02.65+,D02.65+V%,D03.all,D03.allV%,D03.65+,D03.65+V%,D04.all,D04.allV%,D04.65+,D04.65+V%,D05.all,D05.allV%,D05.65+,D05.65+V%,D06.all,D06.allV%,D06.65+,D06.65+V%,D07.all,D07.allV%,D07.65+,D07.65+V%,D08.all,D08.allV%,D08.65+,D08.65+V%,D09.all,D09.allV%,D09.65+,D09.65+V%,D10.all,D10.allV%,D10.65+,D10.65+V%,D11.all,D11.allV%,D11.65+,D11.65+V%,D12.all,D12.allV%,D12.65+,D12.65+V%,D13.all,D13.allV%,D13.65+,D13.65+V%,TN.all,TN.allV%,TN.65+,TN.65+V%
2012.32,39944,0.08,0,0.00,0,0.00,0,0.00,0,0.00,0,0.00,37006,0.14,0,0.00,36139,0.09,0,0.00,12556,0.50,0,0.00,23063,0.14,0,0.00,5378,0.20,0,0.00,33169,0.14,0,0.00,33552,0.25,0,0.00,22367,0.45,0,0.00,8089,0.19,0,0.00,13463,0.14,0,0.00,264726,0.18,0,0.00
2012.33,39944,0.34,31781,0.33,17364,0.41,0,0.00,11620,0.20,0,0.00,67091,0.46,18904,0.61,36139,0.46,30353,0.46,36680,0.68,6469,0.88,34318,0.38,19729,0.30,29879,0.65,0,0.00,33169,0.80,27955,0.88,33552,0.95,28137,1.02,69514,0.82,5473,1.75,30162,0.33,0,0.00,13463,0.48,10494,0.49,452895,0.57,179295,0.65
2012.34,39944,0.75,31781,0.76,70316,0.62,9401,1.07,11620,0.59,9463,0.57,72325,1.22,41912,1.35,36139,1.33,30353,1.36,46081,1.35,14669,2.38,43793,1.00,19729,1.14,40844,1.34,14740,1.73,33169,1.83,27955,1.97,33552,2.44,28137,2.64,69514,1.90,36843,2.22,32651,0.79,16459,0.73,13463,1.08,10494,1.05,543411,1.27,291936,1.56
2012.35,39944,2.48,31781,2.11,75641,1.91,43251,2.07,11620,1.29,9463,1.18,76511,3.03,61143,3.12,36139,3.02,30353,3.12,49610,3.06,37183,3.24,52319,2.63,32869,3.02,40844,3.10,24155,3.59,33169,3.43,27955,3.71,33552,5.05,28137,5.43,69514,3.88,53057,4.19,35250,1.80,25814,1.97,13463,2.41,10494,2.46,567576,2.93,415655,3.16
2012.36,39944,4.55,31781,4.20,75641,3.88,57115,3.91,11620,3.26,9463,3.05,76511,6.11,62194,6.35,36139,6.09,30353,6.46,50151,5.58,38398,5.97,52319,5.63,39211,6.09,40844,5.60,30959,5.97,33169,6.15,27955,6.61,33552,9.04,28137,9.67,69514,6.96,55014,7.48,35952,4.20,27855,4.53,13463,4.78,10494,5.10,568819,5.64,448929,5.96
2012.37,39944,7.09,31781,7.00,75641,6.54,61479,6.69,11620,5.80,9463,5.63,76511,10.25,64402,10.66,36139,10.76,30353,11.51,50151,9.38,41218,9.84,52319,10.23,41753,10.90,40844,9.12,32626,9.69,33169,10.49,27955,10.85,33552,13.99,28137,14.97,69514,11.14,55014,12.11,35952,7.69,27855,8.48,13463,8.56,10494,9.36,568819,9.46,462530,10.00
2012.38,39944,10.39,31781,10.46,75641,10.17,61479,10.54,11620,9.68,9463,9.64,76511,15.91,64402,16.77,36139,17.14,30353,18.46,50151,14.33,41218,15.12,52319,15.88,41753,16.99,40844,13.72,32626,14.85,33169,15.51,27955,16.20,33552,20.32,28137,21.89,69514,16.25,55014,17.78,35952,11.67,27855,12.87,13463,13.26,10494,14.67,568819,14.36,462530,15.33
2012.39,39944,14.65,31781,15.13,75641,15.83,61479,16.52,11620,15.18,9463,15.15,76511,22.58,64402,23.87,36139,23.85,30353,25.77,50151,20.28,41218,21.47,52319,22.45,42301,23.87,40844,19.51,32626,21.23,33169,22.03,27955,23.27,33552,27.72,28137,29.89,69514,21.98,55014,24.04,35952,16.80,28352,18.41,13463,18.37,10494,20.41,568819,20.35,463575,21.78
2012.40,39944,19.65,31781,20.69,75706,22.31,61479,23.51,11620,21.44,9463,22.00,76511,29.15,64402,30.99,36139,30.04,30353,32.41,50151,26.55,41218,28.17,52319,28.29,42301,30.03,40844,25.38,32626,27.73,33169,27.58,27955,29.33,33552,34.24,28137,36.97,69514,27.54,55014,30.16,35952,22.24,28352,24.46,13463,24.20,10494,26.87,568884,26.35,463575,28.31
2012.41,39944,24.41,31781,26.05,75706,28.98,61479,30.83,11620,27.68,9463,28.79,76511,35.18,64402,37.56,36139,35.46,30353,38.21,50151,32.19,41691,34.14,52319,34.33,42301,36.50,40844,30.98,32626,33.88,33169,33.83,27955,36.06,33552,39.85,28137,43.00,69514,32.55,55014,35.68,35952,27.20,28352,30.03,13463,30.10,10494,33.48,568884,32.07,464048,34.54
2012.42,39944,28.24,31781,30.33,75706,34.53,61479,36.89,11620,33.78,9463,35.50,76511,39.65,64402,42.32,36139,39.68,30353,42.72,50151,36.60,41691,38.94,52319,38.75,42301,41.22,40844,34.93,32626,38.22,33169,38.12,27955,40.68,33552,44.11,28137,47.61,69514,36.54,55014,40.02,35952,31.62,28352,34.98,13463,34.49,10494,38.30,568884,36.52,464048,39.38
2012.43,39944,31.49,31781,33.93,75706,38.79,61479,41.45,11620,38.09,9463,40.37,76511,42.88,64402,45.76,36139,42.89,30353,46.13,50151,40.33,41691,42.97,52319,42.32,42301,44.97,40844,38.17,32626,41.75,33169,41.45,27955,44.26,33552,47.47,28137,51.17,69514,39.67,55014,43.43,35952,35.09,28352,38.67,13463,38.25,10494,42.47,568884,40.02,464048,43.14
2012.44,39944,33.96,31781,36.65,75706,42.05,61479,44.93,11620,41.68,9463,44.27,76511,45.59,64402,48.59,36139,45.53,30353,48.92,50151,43.37,41691,46.23,52319,45.25,42301,48.07,40844,40.30,32626,43.98,33169,44.12,27955,47.02,33552,49.84,28137,53.66,69514,42.08,55014,46.03,35952,37.78,28352,41.69,13463,41.21,10494,45.81,568884,42.75,464048,46.06
2012.45,39944,36.11,31781,38.97,75706,44.65,61479,47.74,11620,44.27,9463,47.07,76511,47.79,64402,50.96,36139,47.53,30353,51.05,50151,45.83,41691,48.89,52319,47.14,42301,50.06,40844,42.05,32626,45.84,33169,46.06,27955,49.05,33552,51.86,28137,55.81,69514,44.05,55014,48.18,35952,39.93,28352,44.04,13463,43.36,10494,48.09,568884,44.90,464048,48.37
2012.46,39944,37.00,31781,39.91,75706,45.81,61479,48.96,11620,45.44,9463,48.29,76511,48.70,64402,51.88,36139,48.57,30353,52.11,50151,46.83,41691,49.97,52319,48.04,42301,50.97,40844,42.92,32626,46.76,33169,46.93,27955,49.98,33552,52.70,28137,56.69,69514,44.92,55014,49.08,35952,40.94,28352,45.09,13463,44.61,10494,49.42,568884,45.86,464048,49.37
2012.47,39944,38.26,31781,41.28,75706,47.36,61479,50.61,11620,47.24,9463,50.23,76511,50.13,64402,53.38,36139,49.93,30353,53.54,50151,48.36,41691,51.57,52319,49.53,42301,52.50,40844,44.05,32626,47.99,33169,48.20,27955,51.27,33552,54.05,28137,58.12,69514,46.09,55014,50.30,35952,42.21,28352,46.50,13463,46.02,10494,50.92,568884,47.24,464048,50.83
2012.48,39944,40.35,31781,43.62,75706,49.66,61479,53.10,11620,50.67,9463,53.97,76511,52.24,64402,55.62,36139,52.14,30353,55.94,50151,50.54,41691,53.86,52319,51.46,42301,54.50,40844,45.84,32626,49.92,33169,50.06,27955,53.27,33552,56.04,28137,60.24,69514,47.89,55014,52.21,35952,44.30,28352,48.75,13463,48.27,10494,53.26,568884,49.31,464048,53.05
2012.49,39944,41.82,31781,45.22,75706,50.98,61479,54.43,11620,52.40,9463,55.78,76511,53.47,64402,56.87,36139,53.45,30353,57.32,50151,51.83,41691,55.17,52319,52.62,42301,55.69,40844,46.98,32626,51.09,33169,51.47,27955,54.74,33552,57.11,28137,61.33,69514,48.92,55014,53.30,35952,45.61,28352,50.12,13463,49.44,10494,54.46,568884,50.56,464048,54.34
2012.50,39944,42.51,31781,45.96,75706,51.51,61479,54.96,11620,53.12,9463,56.36,76511,54.08,64402,57.49,36139,54.21,30353,58.07,50151,52.43,41691,55.76,52319,53.13,42301,56.20,40844,47.53,32626,51.65,33169,52.15,27955,55.42,33552,57.59,28137,61.82,69514,49.45,55014,53.82,35952,46.23,28352,50.77,13463,50.17,10494,55.21,568884,51.15,464048,54.94
2012.51,39944,42.70,31781,46.16,75706,51.65,61479,55.10,11620,53.27,9463,56.48,76511,54.28,64402,57.69,36139,54.40,30353,58.26,50151,52.59,41691,55.92,52319,53.30,42301,56.36,40844,47.70,32626,51.83,33169,52.38,27955,55.66,33552,57.79,28137,62.03,69514,49.61,55014,53.98,35952,46.50,28352,51.02,13463,50.34,10494,55.38,568884,51.33,464048,55.12
2012.52,39944,42.99,31781,46.46,75706,51.83,61479,55.28,11620,53.47,9463,56.69,76511,54.51,64402,57.91,36139,54.60,30353,58.45,50151,52.80,41691,56.14,52319,53.50,42301,56.55,40844,48.04,32626,52.16,33169,52.59,27955,55.88,33552,57.99,28137,62.23,69514,49.80,55014,54.17,35952,46.75,28352,51.23,13463,50.64,10494,55.66,568884,51.56,464048,55.34
2013.01,39944,44.18,31781,47.80,75706,52.61,61479,56.11,11620,54.07,9463,57.31,76511,55.32,64402,58.76,36139,55.37,30353,59.25,50151,53.53,41691,56.88,52319,54.18,42301,57.26,40844,48.99,32626,53.16,33169,53.88,27955,57.29,33552,58.77,28137,63.06,69514,50.72,55014,55.14,35952,47.61,28352,52.12,13463,51.44,10494,56.48,568884,52.42,464048,56.25
2013.02,39944,44.84,31781,48.50,75706,53.03,61479,56.53,11620,54.46,9463,57.62,76511,55.79,64402,59.22,36139,55.92,30353,59.79,50151,53.95,41691,57.30,52319,54.64,42301,57.73,40844,49.57,32626,53.73,33169,54.61,27955,58.02,33552,59.23,28137,63.54,69514,51.22,55014,55.63,35952,48.03,28352,52.51,13463,51.84,10494,56.91,568884,52.91,464048,56.74
2013.03,39944,45.14,31781,48.81,75706,53.18,61479,56.68,11620,54.69,9463,57.87,76511,55.97,64402,59.39,36139,56.15,30353,60.00,50151,54.11,41691,57.45,52319,54.76,42301,57.83,40844,49.74,32626,53.89,33169,54.91,27955,58.31,33552,59.40,28137,63.69,69514,51.38,55014,55.79,35952,48.19,28352,52.64,13463,52.00,10494,57.04,568884,53.10,464048,56.92
2013.04,39944,45.34,31781,49.00,75706,53.29,61479,56.77,11620,54.80,9463,57.99,76511,56.07,64402,59.48,36139,56.31,30353,60.15,50151,54.19,41691,57.52,52319,54.83,42301,57.90,40844,49.88,32626,54.04,33169,55.01,27955,58.41,33552,59.50,28137,63.78,69514,51.47,55014,55.86,35952,48.26,28352,52.71,13463,52.09,10494,57.14,568884,53.20,464048,57.01
2013.05,39944,45.43,31781,49.08,75706,53.35,61479,56.82,11620,54.83,9463,58.02,76511,56.12,64402,59.52,36139,56.40,30353,60.22,50151,54.24,41691,57.56,52319,54.87,42301,57.93,40844,49.94,32626,54.07,33169,55.08,27955,58.47,33552,59.58,28137,63.85,69514,51.53,55014,55.90,35952,48.30,28352,52.74,13463,52.16,10494,57.19,568884,53.26,464048,57.06
2013.06,39944,45.51,31781,49.15,75706,53.40,61479,56.86,11620,54.85,9463,58.03,76511,56.16,64402,59.56,36139,56.45,30353,60.26,50151,54.28,41691,57.58,52319,54.89,42301,57.95,40844,49.96,32626,54.08,33169,55.13,27955,58.53,33552,59.60,28137,63.87,69514,51.58,55014,55.94,35952,48.34,28352,52.79,13463,52.19,10494,57.19,568884,53.30,464048,57.10
2013.07,39944,45.56,31781,49.20,75706,53.41,61479,56.87,11620,54.87,9463,58.05,76511,56.18,64402,59.58,36139,56.49,30353,60.28,50151,54.30,41691,57.60,52319,54.89,42301,57.96,40844,49.99,32626,54.10,33169,55.17,27955,58.56,33552,59.61,28137,63.88,69514,51.59,55014,55.95,35952,48.36,28352,52.80,13463,52.20,10494,57.19,568884,53.32,464048,57.11
2013.08,39944,45.59,31781,49.21,75706,53.42,61479,56.88,11620,54.89,9463,58.06,76511,56.18,64402,59.59,36139,56.52,30353,60.31,50151,54.33,41691,57.62,52319,54.91,42301,57.97,40844,50.02,32626,54.12,33169,55.19,27955,58.58,33552,59.63,28137,63.89,69514,51.60,55014,55.96,35952,48.39,28352,52.83,13463,52.21,10494,57.19,568884,53.34,464048,57.13
2013.09,39944,45.61,31781,49.23,75706,53.43,61479,56.89,11620,54.91,9463,58.06,76511,56.21,64402,59.60,36139,56.54,30353,60.33,50151,54.34,41691,57.63,52319,54.92,42301,57.97,40844,50.03,32626,54.13,33169,55.22,27955,58.60,33552,59.64,28137,63.89,69514,51.62,55014,55.98,35952,48.40,28352,52.84,13463,52.22,10494,57.19,568884,53.36,464048,57.14
2013.10,39944,45.62,31781,49.24,75706,53.44,61479,56.90,11620,54.91,9463,58.06,76511,56.22,64402,59.61,36139,56.56,30353,60.34,50151,54.35,41691,57.63,52319,54.93,42301,57.98,40844,50.04,32626,54.14,33169,55.24,27955,58.62,33552,59.65,28137,63.90,69514,51.63,55014,55.98,35952,48.40,28352,52.84,13463,52.22,10494,57.19,568884,53.37,464048,57.15
2013.11,39944,45.64,31781,49.26,75706,53.45,61479,56.91,11620,54.93,9463,58.09,76511,56.24,64402,59.62,36139,56.57,30353,60.35,50151,54.36,41691,57.65,52319,54.94,42301,57.99,40844,50.05,32626,54.15,33169,55.25,27955,58.63,33552,59.66,28137,63.91,69514,51.63,55014,55.99,35952,48.41,28352,52.85,13463,52.23,10494,57.19,568884,53.38,464048,57.16
2013.12,39944,45.65,31781,49.27,75706,53.47,61479,56.92,11620,54.96,9463,58.09,76511,56.25,64402,59.63,36139,56.58,30353,60.35,50151,54.37,41691,57.65,52319,54.94,42301,57.99,40844,50.06,32626,54.15,33169,55.26,27955,58.64,33552,59.66,28137,63.91,69514,51.64,55014,55.99,35952,48.43,28352,52.86,13463,52.23,10494,57.19,568884,53.39,464048,57.17
2013.13,39944,45.66,31781,49.28,75706,53.47,61479,56.92,11620,54.96,9463,58.09,76511,56.25,64402,59.64,36139,56.58,30353,60.36,50151,54.38,41691,57.66,52319,54.95,42301,58.00,40844,50.06,32626,54.16,33169,55.27,27955,58.65,33552,59.67,28137,63.91,69514,51.64,55014,55.99,35952,48.44,28352,52.86,13463,52.23,10494,57.19,568884,53.39,464048,57.17
2013.14,39944,45.66,31781,49.28,75706,53.47,61479,56.92,11620,54.96,9463,58.09,76511,56.25,64402,59.64,36139,56.59,30353,60.36,50151,54.38,41691,57.66,52319,54.95,42301,58.00,40844,50.07,32626,54.16,33169,55.27,27955,58.65,33552,59.67,28137,63.91,69514,51.64,55014,55.99,35952,48.44,28352,52.87,13463,52.23,10494,57.19,568884,53.40,464048,57.17
2013.15,39944,45.66,31781,49.29,75706,53.47,61479,56.93,11620,54.96,9463,58.09,76511,56.25,64402,59.64,36139,56.59,30353,60.36,50151,54.38,41691,57.66,52319,54.95,42301,58.00,40844,50.07,32626,54.16,33169,55.27,27955,58.65,33552,59.67,28137,63.92,69514,51.64,55014,55.99,35952,48.44,28352,52.87,13463,52.23,10494,57.19,568884,53.40,464048,57.17
2013.16,39944,45.67,31781,49.29,75706,53.47,61479,56.93,11620,54.97,9463,58.09,76511,56.25,64402,59.64,36139,56.59,30353,60.36,50151,54.39,41691,57.67,52319,54.95,42301,58.00,40844,50.07,32626,54.16,33169,55.27,27955,58.65,33552,59.69,28137,63.92,69514,51.64,55014,56.00,35952,48.44,28352,52.87,13463,52.23,10494,57.19,568884,53.40,464048,57.17
2013.17,39944,45.67,31781,49.29,75706,53.47,61479,56.93,11620,54.97,9463,58.09,76511,56.25,64402,59.64,36139,56.59,30353,60.37,50151,54.39,41691,57.67,52319,54.95,42301,58.00,40844,50.08,32626,54.17,33169,55.27,27955,58.65,33552,59.69,28137,63.92,69514,51.65,55014,56.00,35952,48.44,28352,52.87,13463,52.23,10494,57.19,568884,53.40,464048,57.18
2013.18,39944,45.67,31781,49.29,75706,53.47,61479,56.93,11620,54.97,9463,58.09,76511,56.25,64402,59.64,36139,56.59,30353,60.37,50151,54.39,41691,57.67,52319,54.95,42301,58.00,40844,50.08,32626,54.17,33169,55.27,27955,58.65,33552,59.69,28137,63.93,69514,51.65,55014,56.00,35952,48.44,28352,52.87,13463,52.23,10494,57.19,568884,53.40,464048,57.18
2013.19,39944,45.67,31781,49.30,75706,53.47,61479,56.93,11620,54.97,9463,58.09,76511,56.25,64402,59.64,36139,56.59,30353,60.37,50151,54.39,41691,57.67,52319,54.95,42301,58.00,40844,50.08,32626,54.17,33169,55.27,27955,58.65,33552,59.69,28137,63.93,69514,51.65,55014,56.00,35952,48.44,28352,52.87,13463,52.23,10494,57.19,568884,53.40,464048,57.18
2013.20,39944,45.67,31781,49.30,75706,53.47,61479,56.93,11620,54.97,9463,58.09,76511,56.25,64402,59.64,36139,56.59,30353,60.37,50151,54.39,41691,57.67,52319,54.95,42301,58.00,40844,50.08,32626,54.17,33169,55.27,27955,58.65,33552,59.69,28137,63.93,69514,51.65,55014,56.00,35952,48.44,28352,52.87,13463,52.23,10494,57.19,568884,53.40,464048,57.18
2013.21,39944,45.67,31781,49.30,75706,53.47,61479,56.93,11620,54.97,9463,58.09,76511,56.25,64402,59.64,36139,56.59,30353,60.37,50151,54.39,41691,57.67,52319,54.95,42301,58.00,40844,50.08,32626,54.17,33169,55.27,27955,58.65,33552,59.69,28137,63.93,69514,51.65,55014,56.00,35952,48.44,28352,52.87,13463,52.23,10494,57.19,568884,53.40,464048,57.18
2013.22,39944,45.67,31781,49.30,75706,53.47,61479,56.93,11620,54.97,9463,58.09,76511,56.25,64402,59.64,36139,56.59,30353,60.37,50151,54.39,41691,57.67,52319,54.95,42301,58.00,40844,50.08,32626,54.17,33169,55.27,27955,58.65,33552,59.69,28137,63.93,69514,51.65,55014,56.01,35952,48.44,28352,52.87,13463,52.23,10494,57.19,568884,53.40,464048,57.18
2013.23,39944,45.67,31781,49.30,75706,53.47,61479,56.93,11620,54.97,9463,58.09,76511,56.25,64402,59.64,36139,56.60,30353,60.37,50151,54.39,41691,57.67,52319,54.95,42301,58.00,40844,50.08,32626,54.17,33169,55.27,27955,58.65,33552,59.69,28137,63.93,69514,51.65,55014,56.01,35952,48.44,28352,52.87,13463,52.23,10494,57.19,568884,53.40,464048,57.18
2013.24,39944,45.67,31781,49.30,75706,53.47,61479,56.93,11620,54.97,9463,58.09,76511,56.25,64402,59.64,36139,56.60,30353,60.37,50151,54.39,41691,57.67,52319,54.95,42301,58.00,40844,50.08,32626,54.17,33169,55.27,27955,58.65,33552,59.69,28137,63.93,69514,51.65,55014,56.01,35952,48.44,28352,52.87,13463,52.23,10494,57.19,568884,53.40,464048,57.18
2013.25,39944,45.67,31781,49.30,75706,53.47,61479,56.93,11620,54.97,9463,58.09,76511,56.25,64402,59.64,36139,56.60,30353,60.37,50151,54.39,41691,57.67,52319,54.95,42301,58.00,40844,50.08,32626,54.17,33169,55.27,27955,58.65,33552,59.69,28137,63.93,69514,51.65,55014,56.01,35952,48.44,28352,52.87,13463,52.23,10494,57.19,568884,53.40,464048,57.18
2013.26,39944,45.67,31781,49.30,75706,53.47,61479,56.93,11620,54.97,9463,58.09,76511,56.25,64402,59.64,36139,56.60,30353,60.37,50151,54.39,41691,57.67,52319,54.95,42301,58.00,40844,50.08,32626,54.17,33169,55.27,27955,58.65,33552,59.69,28137,63.93,69514,51.65,55014,56.01,35952,48.44,28352,52.87,13463,52.23,10494,57.19,568884,53.40,464048,57.18
2013.27,39944,45.67,31781,49.30,75706,53.47,61479,56.93,11620,54.97,9463,58.09,76511,56.25,64402,59.64,36139,56.60,30353,60.37,50151,54.39,41691,57.67,52319,54.95,42301,58.00,40844,50.08,32626,54.17,33169,55.27,27955,58.65,33552,59.69,28137,63.93,69514,51.65,55014,56.01,35952,48.44,28352,52.87,13463,52.23,10494,57.19,568884,53.40,464048,57.18
2013.28,39944,45.67,31781,49.30,75706,53.47,61479,56.93,11620,54.97,9463,58.09,76511,56.25,64402,59.64,36139,56.60,30353,60.37,50151,54.39,41691,57.67,52319,54.95,42301,58.00,40844,50.08,32626,54.17,33169,55.27,27955,58.65,33552,59.69,28137,63.93,69514,51.65,55014,56.01,35952,48.44,28352,52.87,13463,52.23,10494,57.19,568884,53.40,464048,57.18
2013.29,39944,45.67,31781,49.30,75706,53.47,61479,56.93,11620,54.97,9463,58.09,76511,56.25,64402,59.64,36139,56.60,30353,60.37,50151,54.39,41691,57.67,52319,54.95,42301,58.00,40844,50.08,32626,54.17,33169,55.27,27955,58.65,33552,59.69,28137,63.93,69514,51.65,55014,56.01,35952,48.45,28352,52.87,13463,52.23,10494,57.19,568884,53.40,464048,57.18
2013.30,39944,45.67,31781,49.30,75706,53.47,61479,56.93,11620,54.97,9463,58.09,76511,56.25,64402,59.64,36139,56.60,30353,60.37,50151,54.39,41691,57.67,52319,54.95,42301,58.00,40844,50.08,32626,54.17,33169,55.27,27955,58.65,33552,59.69,28137,63.93,69514,51.65,55014,56.01,35952,48.45,28352,52.87,13463,52.23,10494,57.19,568884,53.40,464048,57.18
2013.31,39944,45.67,31781,49.30,75706,53.47,61479,56.93,11620,54.97,9463,58.09,76511,56.25,64402,59.64,36139,56.60,30353,60.37,50151,54.39,41691,57.67,52319,54.95,42301,58.00,40844,50.08,32626,54.17,33169,55.27,27955,58.65,33552,59.69,28137,63.93,69514,51.66,55014,56.01,35952,48.45,28352,52.87,13463,52.23,10494,57.19,568884,53.40,464048,57.18
2013.32,0,0.00,0,0.00,0,0.00,0,0.00,0,0.00,0,0.00,0,0.00,0,0.00,0,0.00,0,0.00,0,0.00,0,0.00,0,0.00,0,0.00,0,0.00,0,0.00,0,0.00,0,0.00,0,0.00,0,0.00,0,0.00,0,0.00,0,0.00,0,0.00,0,0.00,0,0.00,0,0.00,0,0.00
2013.33,73548,0.07,61211,0.07,8943,0.23,0,0.00,0,0.00,0,0.00,44042,0.11,0,0.00,37625,0.11,0,0.00,9761,0.13,0,0.00,0,0.00,0,0.00,10271,0.18,0,0.00,34127,0.13,0,0.00,34873,0.07,0,0.00,4550,0.26,0,0.00,8212,0.13,0,0.00,0,0.00,0,0.00,265952,0.11,61211,0.07
2013.34,73548,0.29,61211,0.27,41952,0.35,0,0.00,11956,0.11,0,0.00,70453,0.37,9603,0.56,37625,0.41,31466,0.36,38344,0.41,0,0.00,28023,0.46,0,0.00,25184,0.42,8331,0.59,34127,0.58,28731,0.63,34873,0.58,29174,0.63,62926,0.47,0,0.00,25492,0.30,3820,0.42,13779,0.29,0,0.00,498282,0.40,172336,0.44
2013.35,73548,1.51,61211,1.23,80162,1.02,40220,1.08,11956,0.90,9639,0.76,73106,1.50,55304,1.55,37625,1.61,31466,1.53,48914,1.40,20956,1.12,52792,1.93,28591,2.52,39544,1.10,14014,1.41,34127,1.63,28731,1.77,34873,2.20,29174,2.32,70634,1.54,37038,1.62,32894,0.81,17472,0.79,13779,1.24,10801,1.31,603954,1.44,384617,1.51
2013.36,73548,3.47,61211,3.15,80162,2.44,54655,2.50,11956,2.18,9639,1.99,80095,4.01,61365,4.35,37625,4.51,31466,4.74,50976,3.64,37798,3.97,53511,4.44,37436,5.10,41821,2.77,26892,2.96,34127,4.07,28731,4.45,34873,6.08,29174,6.64,70905,4.22,55240,4.57,36121,2.38,25966,2.48,13779,3.69,10801,3.98,619499,3.70,470374,3.97
2013.37,73548,6.00,61211,5.82,80162,4.89,64315,4.99,11956,4.70,9639,4.59,80095,8.11,66651,8.57,37625,8.85,31466,9.48,50976,7.35,40631,7.88,53511,8.45,42602,9.15,41821,5.48,28701,5.98,34127,7.67,28731,8.38,34873,11.37,29174,12.42,70905,8.23,55240,9.09,36121,5.64,27957,6.13,13779,7.26,10801,7.95,619499,7.22,497119,7.71
2013.38,73548,9.21,61211,9.27,80162,8.80,65168,9.14,11956,9.68,9639,10.08,80095,13.71,67201,14.59,37625,14.32,31466,15.42,50976,12.21,41852,12.91,53511,13.13,42602,14.04,41821,9.44,31579,10.31,34127,12.56,28731,13.81,34873,17.45,29174,19.00,70905,12.97,56087,14.27,36121,9.49,27957,10.51,13779,11.29,10801,12.48,619499,11.80,503468,12.65
2013.39,73548,13.98,61211,14.47,80162,14.61,65168,15.38,11956,17.46,9639,18.47,80095,20.51,67201,21.91,37625,20.94,31466,22.67,50976,18.25,41852,19.41,53511,19.74,42602,21.15,41821,14.52,33301,15.63,34127,18.64,28731,20.42,34873,24.41,29174,26.54,70905,19.10,56087,21.02,36121,14.43,28438,15.79,13779,16.18,10801,17.91,619499,17.79,505671,19.12
2013.40,73548,20.45,61211,21.55,80162,21.89,65168,23.22,11956,24.46,9639,26.08,80095,27.19,67201,29.09,37625,28.26,31466,30.60,50976,24.74,42309,26.37,53511,26.37,43173,28.24,41821,20.33,33301,21.97,34127,25.58,28731,27.60,34873,31.68,29174,34.42,70905,25.43,56087,27.93,36121,19.97,28438,21.99,13779,22.16,10801,24.62,619499,24.41,506699,26.29
2013.41,73548,27.05,61211,28.84,80162,28.80,65168,30.79,11956,30.80,9639,32.99,80095,33.19,67201,35.62,37625,33.77,31466,36.64,50976,30.91,42309,33.01,53511,32.51,43173,34.75,41821,25.18,33301,27.34,34127,31.18,28731,33.49,34873,36.84,29174,39.98,70905,30.44,56087,33.49,36121,25.22,28438,27.87,13779,27.98,10801,31.35,619499,30.29,506699,32.73
2013.42,73548,32.33,61211,34.60,80162,35.04,65168,37.61,11956,37.32,9639,40.02,80095,38.52,67201,41.40,37625,39.09,31466,42.40,50976,36.45,42309,38.95,53511,37.66,43173,40.24,41821,30.06,33301,32.78,34127,35.88,28731,38.54,34873,41.61,29174,45.16,70905,34.83,56087,38.34,36121,30.43,28438,33.58,13779,33.50,10801,37.57,619499,35.55,506699,38.45
2013.43,73548,36.34,61211,38.96,80162,39.90,65168,42.91,11956,41.74,9639,44.71,80095,42.97,67201,46.21,37625,42.88,31466,46.41,50976,40.61,42309,43.47,53511,42.13,43173,45.03,41821,34.08,33301,37.31,34127,39.57,28731,42.53,34873,45.03,29174,48.83,70905,38.16,56087,41.97,36121,34.07,28438,37.59,13779,37.70,10801,42.12,619499,39.63,506699,42.88
2013.44,73548,39.68,61211,42.49,80162,43.65,65168,46.88,11956,45.39,9639,48.69,80095,46.16,67201,49.58,37625,45.83,31466,49.56,50976,44.06,42309,47.11,53511,45.16,43173,48.17,41821,37.33,33301,40.88,34127,42.53,28731,45.65,34873,47.76,29174,51.74,70905,40.92,56087,44.94,36121,37.21,28438,40.97,13779,41.69,10801,46.50,619499,42.85,506699,46.30
2013.45,73548,42.25,61211,45.22,80162,46.40,65168,49.76,11956,48.19,9639,51.71,80095,48.68,67201,52.24,37625,48.12,31466,51.93,50976,46.60,42309,49.78,53511,47.70,43173,50.67,41821,39.74,33301,43.50,34127,44.94,28731,48.19,34873,49.96,29174,54.00,70905,43.01,56087,47.19,36121,39.68,28438,43.62,13779,44.31,10801,49.39,619499,45.31,506699,48.90
2013.46,73548,44.36,61211,47.41,80162,48.24,65168,51.68,11956,50.38,9639,54.08,80095,50.53,67201,54.22,37625,49.92,31466,53.85,50976,48.58,42309,51.90,53511,49.50,43173,52.47,41821,41.42,33301,45.29,34127,46.72,28731,50.07,34873,51.62,29174,55.76,70905,44.78,56087,49.01,36121,41.41,28438,45.44,13779,46.59,10801,51.87,619499,47.17,506699,50.85
2013.47,73548,45.28,61211,48.38,80162,49.02,65168,52.48,11956,51.25,9639,55.05,80095,51.30,67201,55.00,37625,50.75,31466,54.70,50976,49.35,42309,52.70,53511,50.21,43173,53.20,41821,42.13,33301,46.06,34127,47.41,28731,50.77,34873,52.41,29174,56.57,70905,45.46,56087,49.72,36121,42.16,28438,46.20,13779,47.35,10801,52.61,619499,47.94,506699,51.65
2013.48,73548,46.41,61211,49.57,80162,50.11,65168,53.61,11956,52.48,9639,56.41,80095,52.35,67201,56.09,37625,51.81,31466,55.78,50976,50.40,42309,53.81,53511,51.21,43173,54.24,41821,43.23,33301,47.21,34127,48.52,28731,51.95,34873,53.43,29174,57.63,70905,46.40,56087,50.74,36121,43.25,28438,47.37,13779,48.76,10801,54.09,619499,49.01,506699,52.77
2013.49,73548,47.37,61211,50.57,80162,50.94,65168,54.47,11956,53.38,9639,57.29,80095,53.12,67201,56.89,37625,52.48,31466,56.45,50976,51.22,42309,54.68,53511,51.92,43173,54.96,41821,44.05,33301,48.05,34127,49.40,28731,52.87,34873,54.19,29174,58.41,70905,47.26,56087,51.63,36121,44.09,28438,48.23,13779,49.55,10801,54.89,619499,49.83,506699,53.61
2013.50,73548,48.11,61211,51.34,80162,51.60,65168,55.14,11956,54.16,9639,58.11,80095,53.77,67201,57.54,37625,53.17,31466,57.12,50976,51.79,42309,55.24,53511,52.42,43173,55.46,41821,44.65,33301,48.66,34127,50.01,28731,53.49,34873,54.80,29174,59.05,70905,47.83,56087,52.21,36121,44.76,28438,48.92,13779,50.13,10801,55.52,619499,50.46,506699,54.25
2013.51,73548,48.52,61211,51.78,80162,51.92,65168,55.48,11956,54.46,9639,58.42,80095,54.21,67201,58.00,37625,53.55,31466,57.52,50976,52.21,42309,55.67,53511,52.83,43173,55.88,41821,44.93,33301,48.97,34127,50.36,28731,53.82,34873,55.06,29174,59.32,70905,48.05,56087,52.42,36121,45.01,28438,49.19,13779,50.33,10801,55.74,619499,50.80,506699,54.61
2013.52,73548,49.15,61211,52.45,80162,52.54,65168,56.14,11956,54.99,9639,58.98,80095,54.93,67201,58.73,37625,54.24,31466,58.21,50976,52.96,42309,56.47,53511,53.48,43173,56.54,41821,45.56,33301,49.63,34127,51.11,28731,54.62,34873,55.74,29174,60.06,70905,48.69,56087,53.12,36121,45.58,28438,49.81,13779,50.79,10801,56.18,619499,51.46,506699,55.30
2014.01,73548,49.87,61211,53.22,80162,53.22,65168,56.83,11956,55.81,9639,59.88,80095,55.94,67201,59.73,37625,55.21,31466,59.18,50976,53.81,42309,57.30,53511,54.49,43173,57.53,41821,46.11,33301,50.21,34127,51.74,28731,55.26,34873,56.29,29174,60.59,70905,49.23,56087,53.68,36121,46.20,28438,50.44,13779,51.37,10801,56.80,619499,52.21,506699,56.07
2014.02,73548,50.55,61211,53.91,80162,53.88,65168,57.51,11956,56.52,9639,60.62,80095,57.33,67201,61.14,37625,56.48,31466,60.42,50976,54.74,42309,58.22,53511,55.93,43173,58.94,41821,46.98,33301,51.10,34127,52.82,28731,56.36,34873,57.02,29174,61.30,70905,50.03,56087,54.49,36121,46.79,28438,51.00,13779,51.87,10801,57.26,619499,53.14,506699,57.00
2014.03,73548,50.93,61211,54.30,80162,54.21,65168,57.83,11956,56.78,9639,60.87,80095,58.00,67201,61.75,37625,57.24,31466,61.15,50976,55.39,42309,58.85,53511,56.45,43173,59.42,41821,47.56,33301,51.65,34127,53.47,28731,57.00,34873,57.39,29174,61.64,70905,50.44,56087,54.89,36121,47.06,28438,51.29,13779,52.26,10801,57.65,619499,53.63,506699,57.48
2014.04,73548,51.18,61211,54.54,80162,54.41,65168,58.00,11956,56.92,9639,60.99,80095,58.31,67201,62.03,37625,57.60,31466,61.49,50976,55.67,42309,59.10,53511,56.69,43173,59.63,41821,47.81,33301,51.88,34127,53.72,28731,57.26,34873,57.57,29174,61.81,70905,50.61,56087,55.05,36121,47.19,28438,51.38,13779,52.37,10801,57.75,619499,53.87,506699,57.69
2014.05,73548,51.27,61211,54.61,80162,54.50,65168,58.06,11956,57.08,9639,61.11,80095,58.44,67201,62.13,37625,57.78,31466,61.63,50976,55.77,42309,59.18,53511,56.76,43173,59.70,41821,47.94,33301,52.01,34127,53.91,28731,57.42,34873,57.70,29174,61.91,70905,50.73,56087,55.16,36121,47.28,28438,51.49,13779,52.46,10801,57.87,619499,53.98,506699,57.79
2014.06,73548,51.34,61211,54.67,80162,54.55,65168,58.11,11956,57.19,9639,61.23,80095,58.51,67201,62.20,37625,57.87,31466,61.71,50976,55.82,42309,59.23,53511,56.82,43173,59.74,41821,47.99,33301,52.07,34127,53.97,28731,57.47,34873,57.78,29174,61.99,70905,50.80,56087,55.23,36121,47.33,28438,51.52,13779,52.54,10801,57.95,619499,54.05,506699,57.85
2014.07,73548,51.40,61211,54.74,80162,54.59,65168,58.14,11956,57.24,9639,61.25,80095,58.56,67201,62.24,37625,57.94,31466,61.77,50976,55.85,42309,59.26,53511,56.86,43173,59.79,41821,48.03,33301,52.10,34127,54.01,28731,57.50,34873,57.85,29174,62.05,70905,50.84,56087,55.28,36121,47.37,28438,51.56,13779,52.60,10801,58.01,619499,54.09,506699,57.89
2014.08,73548,51.44,61211,54.76,80162,54.62,65168,58.16,11956,57.29,9639,61.29,80095,58.59,67201,62.27,37625,58.00,31466,61.82,50976,55.88,42309,59.28,53511,56.89,43173,59.81,41821,48.07,33301,52.14,34127,54.04,28731,57.53,34873,57.88,29174,62.08,70905,50.88,56087,55.31,36121,47.40,28438,51.58,13779,52.64,10801,58.04,619499,54.13,506699,57.92
2014.09,73548,51.46,61211,54.79,80162,54.63,65168,58.17,11956,57.30,9639,61.31,80095,58.61,67201,62.28,37625,58.04,31466,61.86,50976,55.91,42309,59.31,53511,56.92,43173,59.84,41821,48.09,33301,52.16,34127,54.07,28731,57.56,34873,57.89,29174,62.09,70905,50.88,56087,55.31,36121,47.43,28438,51.61,13779,52.67,10801,58.08,619499,54.15,506699,57.94
2014.10,73548,51.48,61211,54.79,80162,54.65,65168,58.19,11956,57.32,9639,61.33,80095,58.63,67201,62.30,37625,58.07,31466,61.88,50976,55.92,42309,59.32,53511,56.92,43173,59.84,41821,48.10,33301,52.16,34127,54.11,28731,57.58,34873,57.90,29174,62.09,70905,50.89,56087,55.32,36121,47.47,28438,51.63,13779,52.67,10801,58.08,619499,54.17,506699,57.95
2014.11,73548,51.50,61211,54.82,80162,54.66,65168,58.20,11956,57.34,9639,61.34,80095,58.65,67201,62.32,37625,58.08,31466,61.90,50976,55.94,42309,59.34,53511,56.94,43173,59.85,41821,48.11,33301,52.18,34127,54.12,28731,57.59,34873,57.92,29174,62.10,70905,50.90,56087,55.33,36121,47.48,28438,51.65,13779,52.68,10801,58.09,619499,54.18,506699,57.97
2014.12,73548,51.50,61211,54.82,80162,54.67,65168,58.21,11956,57.34,9639,61.34,80095,58.66,67201,62.33,37625,58.09,31466,61.90,50976,55.95,42309,59.35,53511,56.94,43173,59.86,41821,48.12,33301,52.19,34127,54.14,28731,57.61,34873,57.92,29174,62.11,70905,50.91,56087,55.33,36121,47.49,28438,51.65,13779,52.68,10801,58.09,619499,54.19,506699,57.98
2014.13,73548,51.51,61211,54.82,80162,54.68,65168,58.21,11956,57.34,9639,61.34,80095,58.66,67201,62.33,37625,58.10,31466,61.92,50976,55.97,42309,59.37,53511,56.94,43173,59.86,41821,48.13,33301,52.20,34127,54.15,28731,57.61,34873,57.93,29174,62.11,70905,50.91,56087,55.34,36121,47.50,28438,51.66,13779,52.68,10801,58.09,619499,54.20,506699,57.98
2014.14,73548,51.51,61211,54.83,80162,54.68,65168,58.21,11956,57.35,9639,61.35,80095,58.66,67201,62.33,37625,58.10,31466,61.92,50976,55.97,42309,59.37,53511,56.94,43173,59.86,41821,48.14,33301,52.20,34127,54.15,28731,57.61,34873,57.93,29174,62.11,70905,50.91,56087,55.34,36121,47.50,28438,51.66,13779,52.68,10801,58.09,619499,54.20,506699,57.98
2014.15,73548,51.52,61211,54.83,80162,54.68,65168,58.22,11956,57.35,9639,61.35,80095,58.67,67201,62.33,37625,58.11,31466,61.92,50976,55.97,42309,59.37,53511,56.94,43173,59.86,41821,48.14,33301,52.20,34127,54.15,28731,57.62,34873,57.93,29174,62.11,70905,50.92,56087,55.34,36121,47.50,28438,51.66,13779,52.68,10801,58.09,619499,54.20,506699,57.98
2014.16,73548,51.53,61211,54.84,80162,54.69,65168,58.22,11956,57.35,9639,61.35,80095,58.67,67201,62.33,37625,58.11,31466,61.92,50976,55.97,42309,59.37,53511,56.94,43173,59.86,41821,48.14,33301,52.20,34127,54.15,28731,57.62,34873,57.93,29174,62.11,70905,50.92,56087,55.34,36121,47.50,28438,51.66,13779,52.68,10801,58.09,619499,54.20,506699,57.99
2014.17,73548,51.53,61211,54.84,80162,54.69,65168,58.22,11956,57.35,9639,61.35,80095,58.67,67201,62.33,37625,58.11,31466,61.92,50976,55.97,42309,59.37,53511,56.94,43173,59.86,41821,48.14,33301,52.21,34127,54.15,28731,57.62,34873,57.93,29174,62.11,70905,50.92,56087,55.34,36121,47.51,28438,51.67,13779,52.68,10801,58.09,619499,54.20,506699,57.99
2014.18,73548,51.53,61211,54.84,80162,54.69,65168,58.22,11956,57.35,9639,61.35,80095,58.67,67201,62.33,37625,58.11,31466,61.92,50976,55.97,42309,59.37,53511,56.94,43173,59.86,41821,48.14,33301,52.21,34127,54.15,28731,57.62,34873,57.93,29174,62.11,70905,50.92,56087,55.34,36121,47.51,28438,51.67,13779,52.68,10801,58.09,619499,54.20,506699,57.99
2014.19,73548,51.53,61211,54.84,80162,54.69,65168,58.22,11956,57.35,9639,61.35,80095,58.67,67201,62.33,37625,58.11,31466,61.92,50976,55.97,42309,59.37,53511,56.94,43173,59.86,41821,48.14,33301,52.21,34127,54.15,28731,57.62,34873,57.93,29174,62.11,70905,50.92,56087,55.34,36121,47.51,28438,51.67,13779,52.68,10801,58.09,619499,54.20,506699,57.99
2014.20,73548,51.53,61211,54.84,80162,54.69,65168,58.22,11956,57.35,9639,61.35,80095,58.67,67201,62.33,37625,58.11,31466,61.92,50976,55.97,42309,59.37,53511,56.94,43173,59.86,41821,48.14,33301,52.21,34127,54.15,28731,57.62,34873,57.93,29174,62.12,70905,50.92,56087,55.34,36121,47.52,28438,51.67,13779,52.68,10801,58.09,619499,54.20,506699,57.99
2014.21,73548,51.53,61211,54.84,80162,54.69,65168,58.22,11956,57.35,9639,61.35,80095,58.67,67201,62.33,37625,58.11,31466,61.92,50976,55.97,42309,59.37,53511,56.94,43173,59.86,41821,48.14,33301,52.21,34127,54.15,28731,57.62,34873,57.93,29174,62.12,70905,50.92,56087,55.34,36121,47.52,28438,51.67,13779,52.68,10801,58.09,619499,54.20,506699,57.99
2014.22,73548,51.53,61211,54.84,80162,54.69,65168,58.22,11956,57.35,9639,61.35,80095,58.67,67201,62.33,37625,58.11,31466,61.92,50976,55.97,42309,59.37,53511,56.94,43173,59.86,41821,48.15,33301,52.21,34127,54.15,28731,57.62,34873,57.93,29174,62.12,70905,50.92,56087,55.34,36121,47.52,28438,51.67,13779,52.68,10801,58.09,619499,54.21,506699,57.99
2014.23,73548,51.53,61211,54.84,80162,54.69,65168,58.22,11956,57.35,9639,61.35,80095,58.67,67201,62.33,37625,58.11,31466,61.92,50976,55.97,42309,59.37,53511,56.94,43173,59.86,41821,48.15,33301,52.21,34127,54.15,28731,57.62,34873,57.93,29174,62.12,70905,50.92,56087,55.34,36121,47.52,28438,51.67,13779,52.68,10801,58.09,619499,54.21,506699,57.99
2014.24,73548,51.54,61211,54.84,80162,54.69,65168,58.22,11956,57.35,9639,61.35,80095,58.67,67201,62.33,37625,58.11,31466,61.92,50976,55.97,42309,59.37,53511,56.94,43173,59.86,41821,48.15,33301,52.21,34127,54.15,28731,57.62,34873,57.93,29174,62.12,70905,50.92,56087,55.34,36121,47.52,28438,51.67,13779,52.68,10801,58.09,619499,54.21,506699,57.99
2014.25,73548,51.54,61211,54.85,80162,54.69,65168,58.23,11956,57.35,9639,61.35,80095,58.67,67201,62.33,37625,58.11,31466,61.92,50976,55.97,42309,59.37,53511,56.94,43173,59.86,41821,48.15,33301,52.21,34127,54.15,28731,57.62,34873,57.93,29174,62.12,70905,50.92,56087,55.34,36121,47.52,28438,51.67,13779,52.68,10801,58.09,619499,54.21,506699,57.99
2014.26,73548,51.54,61211,54.85,80162,54.69,65168,58.23,11956,57.35,9639,61.35,80095,58.67,67201,62.33,37625,58.11,31466,61.92,50976,55.97,42309,59.37,53511,56.94,43173,59.86,41821,48.15,33301,52.21,34127,54.15,28731,57.62,34873,57.93,29174,62.12,70905,50.92,56087,55.34,36121,47.52,28438,51.67,13779,52.68,10801,58.09,619499,54.21,506699,57.99
2014.27,73548,51.54,61211,54.85,80162,54.69,65168,58.23,11956,57.35,9639,61.35,80095,58.67,67201,62.33,37625,58.11,31466,61.92,50976,55.97,42309,59.37,53511,56.94,43173,59.86,41821,48.15,33301,52.21,34127,54.15,28731,57.62,34873,57.93,29174,62.12,70905,50.92,56087,55.34,36121,47.52,28438,51.67,13779,52.68,10801,58.09,619499,54.21,506699,57.99
2014.28,73548,51.54,61211,54.85,80162,54.69,65168,58.23,11956,57.35,9639,61.35,80095,58.67,67201,62.33,37625,58.11,31466,61.92,50976,55.97,42309,59.37,53511,56.94,43173,59.86,41821,48.15,33301,52.21,34127,54.15,28731,57.62,34873,57.94,29174,62.12,70905,50.92,56087,55.34,36121,47.52,28438,51.67,13779,52.68,10801,58.09,619499,54.21,506699,57.99
2014.29,73548,51.54,61211,54.85,80162,54.69,65168,58.23,11956,57.35,9639,61.35,80095,58.67,67201,62.33,37625,58.11,31466,61.92,50976,55.97,42309,59.37,53511,56.94,43173,59.86,41821,48.15,33301,52.21,34127,54.15,28731,57.62,34873,57.94,29174,62.12,70905,50.92,56087,55.35,36121,47.52,28438,51.67,13779,52.68,10801,58.09,619499,54.21,506699,57.99
2014.30,73548,51.55,61211,54.86,80162,54.70,65168,58.23,11956,57.35,9639,61.35,80095,58.68,67201,62.34,37625,58.11,31466,61.92,50976,55.97,42309,59.37,53511,56.94,43173,59.86,41821,48.15,33301,52.21,34127,54.16,28731,57.62,34873,57.95,29174,62.13,70905,50.93,56087,55.35,36121,47.52,28438,51.67,13779,52.68,10801,58.09,619499,54.21,506699,57.99
2014.31,73548,51.56,61211,54.86,80162,54.70,65168,58.23,11956,57.35,9639,61.35,80095,58.68,67201,62.34,37625,58.11,31466,61.92,50976,55.98,42309,59.37,53511,56.94,43173,59.86,41821,48.16,33301,52.22,34127,54.16,28731,57.62,34873,57.96,29174,62.15,70905,50.94,56087,55.35,36121,47.53,28438,51.68,13779,52.68,10801,58.09,619499,54.22,506699,58.00
2014.32,77455,0.12,64228,0.11,0,0.00,0,0.00,0,0.00,0,0.00,48462,0.18,0,0.00,39658,0.16,32977,0.15,0,0.00,0,0.00,11873,0.10,0,0.00,0,0.00,0,0.00,35320,0.08,0,0.00,36187,0.20,0,0.00,49219,0.25,0,0.00,0,0.00,0,0.00,0,0.00,0,0.00,298174,0.16,97205,0.12
2014.33,77455,0.27,64228,0.26,6382,0.44,0,0.00,12388,0.11,0,0.00,70199,0.44,0,0.00,39658,0.44,32977,0.43,15187,0.23,0,0.00,24468,0.15,9719,0.15,26261,0.23,0,0.00,35320,0.28,29749,0.29,36187,0.65,30157,0.71,75058,0.56,2725,0.66,17304,0.23,0,0.00,14052,0.18,0,0.00,449919,0.37,169555,0.38
2014.34,77455,0.55,64228,0.56,32610,0.36,0,0.00,12388,0.24,0,0.00,80917,0.90,42345,1.21,39658,0.92,32977,0.97,46369,0.39,4163,0.60,42324,0.58,9719,0.71,28500,0.60,0,0.00,35320,0.72,29749,0.75,36187,1.64,30157,1.78,80656,1.21,29222,1.67,30812,0.41,10243,0.47,14052,0.42,11065,0.42,557248,0.77,263868,1.00
2014.35,77455,1.72,64228,1.54,80955,1.01,41833,1.00,12388,1.18,9967,0.99,85106,2.19,58438,2.45,39658,2.37,32977,2.54,48667,0.99,19342,0.99,53368,1.73,30442,1.95,42448,1.17,10837,1.36,35320,1.77,29749,1.85,36187,3.35,30157,3.59,84860,2.23,49417,2.52,36344,0.99,24419,0.96,14052,1.07,11065,1.12,646808,1.74,412871,1.92
2014.36,77455,3.14,64228,2.96,82069,2.02,48696,2.18,12388,2.35,9967,2.29,85106,4.64,66093,5.06,39658,4.95,32977,5.42,51445,2.46,34632,2.67,53368,3.79,41392,3.89,42448,2.77,26853,3.27,35320,3.79,29749,4.11,36187,6.09,30157,6.60,84860,4.35,65151,4.76,36344,1.99,26330,2.12,14052,2.78,11065,3.12,650700,3.55,487290,3.89
2014.37,77455,5.82,64228,5.88,82069,3.71,63022,3.84,12388,4.99,9967,5.25,85106,8.84,71191,9.51,39658,9.70,32977,10.75,51990,5.37,40429,5.77,54984,6.65,42263,7.11,42448,5.75,30937,6.46,35320,7.11,29749,7.74,36187,10.22,30157,11.20,84860,7.50,67899,8.24,36344,5.01,26808,5.67,14052,6.08,11065,6.95,652861,6.69,520692,7.29
2014.38,77455,10.19,64228,10.70,82069,6.94,65725,7.25,12388,8.93,9967,9.59,85106,14.09,71191,15.23,39658,15.22,32977,16.85,51990,10.12,41406,10.89,54984,11.36,43722,12.10,42448,9.96,33843,10.79,35320,12.47,29749,13.63,36187,15.85,30157,17.40,84860,11.80,67899,13.07,36344,8.94,28777,9.80,14052,9.63,11065,10.90,652861,11.22,530706,12.18
2014.39,77455,15.86,64228,16.84,82069,12.19,66600,12.84,12388,14.39,9967,15.48,85106,20.70,71191,22.35,39658,21.60,32977,23.81,51990,16.87,42637,17.98,54984,17.58,43722,18.84,42448,15.39,33843,16.66,35320,18.01,29749,19.56,36187,22.42,30157,24.63,84860,17.49,67899,19.39,36344,13.75,28777,15.14,14052,15.03,11065,17.12,652861,17.10,532812,18.56
2014.40,77455,22.83,64228,24.46,82069,19.35,66600,20.58,12388,21.86,9967,23.37,85106,28.10,71191,30.32,39658,28.59,32977,31.28,51990,24.23,42637,25.89,54984,25.59,44320,27.33,42448,21.58,33843,23.48,35320,24.90,29749,26.89,36187,29.59,30157,32.51,84860,24.47,67899,27.10,36344,19.64,28777,21.61,14052,22.45,11065,25.33,652861,24.19,533410,26.24
2014.41,77455,29.94,64228,32.31,82069,27.94,66600,29.90,12388,29.30,9967,31.31,85106,35.16,71191,37.98,39658,35.08,32977,38.18,51990,32.12,43106,34.44,54984,32.58,44320,34.90,42448,27.84,33843,30.26,35320,31.82,29749,34.12,36187,35.90,30157,39.27,84860,30.75,67899,33.98,36344,26.01,28777,28.67,14052,29.49,11065,33.10,652861,31.24,533879,33.89
2014.42,77455,35.85,64228,38.83,82069,34.80,66600,37.32,12388,36.95,9967,39.71,85106,40.85,71191,44.08,39658,40.02,32977,43.40,51990,38.48,43106,41.28,54984,38.36,44320,41.16,42448,33.23,33843,36.20,35320,37.82,29749,40.31,36187,41.50,30157,45.20,84860,36.14,67899,39.93,36344,31.75,28777,34.98,14052,35.06,11065,39.20,652861,37.11,533879,40.25
2014.43,77455,40.12,64228,43.45,82069,39.92,66600,42.85,12388,41.90,9967,45.25,85106,45.57,71191,49.16,39658,44.18,32977,47.89,51990,43.38,43106,46.65,54984,42.73,44320,45.79,42448,37.73,33843,41.17,35320,42.96,29749,45.75,36187,45.68,30157,49.66,84860,40.03,67899,44.16,36344,35.96,28777,39.68,14052,39.40,11065,44.06,652861,41.61,533879,45.13
2014.44,77455,42.90,64228,46.34,82069,44.13,66600,47.34,12388,45.64,9967,49.22,85106,48.81,71191,52.59,39658,47.20,32977,51.11,51990,46.85,43106,50.35,54984,45.97,44320,49.13,42448,40.75,33843,44.38,35320,46.11,29749,49.12,36187,48.50,30157,52.62,84860,42.96,67899,47.32,36344,39.02,28777,42.95,14052,42.66,11065,47.56,652861,44.84,533879,48.55
2014.45,77455,45.08,64228,48.62,82069,46.93,66600,50.30,12388,49.12,9967,52.46,85106,51.04,71191,54.93,39658,49.48,32977,53.51,51990,49.35,43106,52.94,54984,48.24,44320,51.41,42448,42.94,33843,46.73,35320,48.41,29749,51.56,36187,50.61,30157,54.84,84860,45.19,67899,49.68,36344,41.26,28777,45.37,14052,44.97,11065,49.98,652861,47.19,533879,51.01
2014.46,77455,46.65,64228,50.23,82069,48.99,66600,52.46,12388,51.32,9967,54.84,85106,52.75,71191,56.69,39658,51.18,32977,55.25,51990,51.19,43106,54.87,54984,49.81,44320,53.01,42448,44.60,33843,48.45,35320,50.09,29749,53.35,36187,52.15,30157,56.47,84860,46.77,67899,51.32,36344,42.87,28777,47.06,14052,46.85,11065,52.00,652861,48.90,533879,52.79
2014.47,77455,47.39,64228,50.99,82069,49.80,66600,53.29,12388,52.00,9967,55.49,85106,53.47,71191,57.44,39658,51.89,32977,55.92,51990,51.99,43106,55.71,54984,50.53,44320,53.74,42448,45.21,33843,49.06,35320,50.80,29749,54.08,36187,52.93,30157,57.21,84860,47.53,67899,52.10,36344,43.64,28777,47.82,14052,47.52,11065,52.71,652861,49.64,533879,53.54
2014.48,77455,48.31,64228,51.92,82069,50.86,66600,54.38,12388,53.03,9967,56.62,85106,54.42,71191,58.42,39658,52.78,32977,56.79,51990,53.03,43106,56.80,54984,51.35,44320,54.60,42448,46.04,33843,49.92,35320,51.80,29749,55.11,36187,53.85,30157,58.17,84860,48.47,67899,53.06,36344,44.61,28777,48.81,14052,48.78,11065,53.94,652861,50.59,533879,54.52
2014.49,77455,48.98,64228,52.58,82069,51.57,66600,55.12,12388,53.95,9967,57.53,85106,55.12,71191,59.13,39658,53.53,32977,57.55,51990,53.75,43106,57.53,54984,51.88,44320,55.11,42448,46.66,33843,50.57,35320,52.43,29749,55.74,36187,54.44,30157,58.78,84860,49.17,67899,53.79,36344,45.18,28777,49.41,14052,49.44,11065,54.63,652861,51.26,533879,55.20
2014.50,77455,49.52,64228,53.12,82069,52.14,66600,55.70,12388,54.54,9967,58.15,85106,55.65,71191,59.64,39658,54.06,32977,58.08,51990,54.34,43106,58.12,54984,52.28,44320,55.50,42448,47.06,33843,51.00,35320,52.96,29749,56.28,36187,55.07,30157,59.46,84860,49.73,67899,54.35,36344,45.65,28777,49.88,14052,50.02,11065,55.23,652861,51.79,533879,55.74
2014.51,77455,49.75,64228,53.35,82069,52.34,66600,55.91,12388,54.68,9967,58.28,85106,55.83,71191,59.81,39658,54.27,32977,58.30,51990,54.54,43106,58.31,54984,52.48,44320,55.70,42448,47.21,33843,51.15,35320,53.19,29749,56.49,36187,55.29,30157,59.69,84860,49.98,67899,54.60,36344,45.92,28777,50.16,14052,50.21,11065,55.44,652861,52.00,533879,55.95
2014.52,77455,50.08,64228,53.69,82069,52.62,66600,56.19,12388,55.04,9967,58.61,85106,56.13,71191,60.12,39658,54.55,32977,58.57,51990,54.84,43106,58.61,54984,52.79,44320,56.03,42448,47.43,33843,51.38,35320,53.42,29749,56.71,36187,55.60,30157,60.02,84860,50.24,67899,54.87,36344,46.18,28777,50.43,14052,50.56,11065,55.82,652861,52.29,533879,56.24
2014.53,77455,50.54,64228,54.15,82069,52.95,66600,56.51,12388,55.34,9967,58.93,85106,56.50,71191,60.48,39658,54.97,32977,58.99,51990,55.24,43106,59.00,54984,53.11,44320,56.34,42448,47.65,33843,51.57,35320,53.82,29749,57.10,36187,55.95,30157,60.36,84860,50.56,67899,55.18,36344,46.56,28777,50.81,14052,50.96,11065,56.24,652861,52.65,533879,56.60
2015.01,77455,50.78,64228,54.37,82069,53.12,66600,56.68,12388,55.56,9967,59.19,85106,56.68,71191,60.66,39658,55.19,32977,59.22,51990,55.43,43106,59.17,54984,53.27,44320,56.50,42448,47.79,33843,51.71,35320,54.00,29749,57.28,36187,56.13,30157,60.55,84860,50.73,67899,55.34,36344,46.75,28777,50.98,14052,51.14,11065,56.44,652861,52.84,533879,56.78
2015.02,77455,50.94,64228,54.51,82069,53.24,66600,56.79,12388,55.72,9967,59.36,85106,56.84,71191,60.82,39658,55.33,32977,59.34,51990,55.56,43106,59.29,54984,53.39,44320,56.60,42448,47.89,33843,51.79,35320,54.14,29749,57.41,36187,56.26,30157,60.66,84860,50.86,67899,55.46,36344,46.88,28777,51.12,14052,51.22,11065,56.51,652861,52.97,533879,56.90
2015.03,77455,51.05,64228,54.60,82069,53.31,66600,56.85,12388,55.85,9967,59.47,85106,56.91,71191,60.88,39658,55.44,32977,59.44,51990,55.64,43106,59.37,54984,53.45,44320,56.66,42448,47.94,33843,51.82,35320,54.24,29749,57.51,36187,56.35,30157,60.74,84860,50.93,67899,55.53,36344,46.94,28777,51.17,14052,51.29,11065,56.58,652861,53.05,533879,56.97
2015.04,77455,51.13,64228,54.68,82069,53.36,66600,56.89,12388,55.93,9967,59.55,85106,56.97,71191,60.92,39658,55.53,32977,59.52,51990,55.71,43106,59.42,54984,53.51,44320,56.73,42448,47.99,33843,51.87,35320,54.32,29749,57.59,36187,56.39,30157,60.79,84860,50.99,67899,55.58,36344,46.99,28777,51.20,14052,51.33,11065,56.61,652861,53.11,533879,57.03
2015.05,77455,51.21,64228,54.75,82069,53.41,66600,56.93,12388,55.94,9967,59.57,85106,57.03,71191,60.97,39658,55.57,32977,59.56,51990,55.75,43106,59.45,54984,53.55,44320,56.76,42448,48.03,33843,51.91,35320,54.38,29749,57.64,36187,56.44,30157,60.83,84860,51.03,67899,55.62,36344,47.02,28777,51.22,14052,51.39,11065,56.67,652861,53.16,533879,57.07
2015.06,77455,51.24,64228,54.77,82069,53.42,66600,56.94,12388,55.97,9967,59.60,85106,57.05,71191,60.98,39658,55.58,32977,59.57,51990,55.77,43106,59.47,54984,53.57,44320,56.77,42448,48.05,33843,51.93,35320,54.43,29749,57.68,36187,56.45,30157,60.84,84860,51.04,67899,55.62,36344,47.03,28777,51.23,14052,51.42,11065,56.70,652861,53.18,533879,57.08
2015.07,77455,51.28,64228,54.82,82069,53.45,66600,56.96,12388,56.02,9967,59.64,85106,57.08,71191,61.01,39658,55.62,32977,59.60,51990,55.79,43106,59.49,54984,53.59,44320,56.79,42448,48.08,33843,51.96,35320,54.45,29749,57.69,36187,56.46,30157,60.84,84860,51.07,67899,55.66,36344,47.04,28777,51.23,14052,51.44,11065,56.72,652861,53.21,533879,57.11
2015.08,77455,51.31,64228,54.85,82069,53.46,66600,56.97,12388,56.04,9967,59.65,85106,57.10,71191,61.01,39658,55.65,32977,59.61,51990,55.81,43106,59.51,54984,53.60,44320,56.80,42448,48.11,33843,51.98,35320,54.47,29749,57.71,36187,56.48,30157,60.86,84860,51.08,67899,55.67,36344,47.06,28777,51.25,14052,51.48,11065,56.76,652861,53.23,533879,57.13
2015.09,77455,51.35,64228,54.87,82069,53.49,66600,56.99,12388,56.05,9967,59.66,85106,57.11,71191,61.03,39658,55.66,32977,59.62,51990,55.83,43106,59.52,54984,53.61,44320,56.80,42448,48.13,33843,51.99,35320,54.48,29749,57.72,36187,56.50,30157,60.87,84860,51.10,67899,55.68,36344,47.08,28777,51.26,14052,51.49,11065,56.77,652861,53.24,533879,57.14
2015.10,77455,51.38,64228,54.91,82069,53.50,66600,57.00,12388,56.05,9967,59.67,85106,57.12,71191,61.03,39658,55.67,32977,59.63,51990,55.84,43106,59.52,54984,53.61,44320,56.81,42448,48.14,33843,52.01,35320,54.48,29749,57.72,36187,56.50,30157,60.88,84860,51.11,67899,55.69,36344,47.08,28777,51.26,14052,51.50,11065,56.79,652861,53.26,533879,57.15
2015.11,77455,51.41,64228,54.93,82069,53.51,66600,57.01,12388,56.06,9967,59.68,85106,57.13,71191,61.04,39658,55.69,32977,59.64,51990,55.84,43106,59.53,54984,53.62,44320,56.82,42448,48.15,33843,52.02,35320,54.49,29749,57.73,36187,56.51,30157,60.88,84860,51.12,67899,55.70,36344,47.09,28777,51.27,14052,51.51,11065,56.79,652861,53.27,533879,57.16
2015.12,77455,51.42,64228,54.94,82069,53.52,66600,57.01,12388,56.06,9967,59.68,85106,57.14,71191,61.05,39658,55.69,32977,59.64,51990,55.84,43106,59.53,54984,53.62,44320,56.82,42448,48.16,33843,52.03,35320,54.50,29749,57.74,36187,56.51,30157,60.88,84860,51.12,67899,55.70,36344,47.09,28777,51.27,14052,51.51,11065,56.79,652861,53.27,533879,57.16
2015.13,77455,51.44,64228,54.95,82069,53.52,66600,57.01,12388,56.06,9967,59.68,85106,57.14,71191,61.05,39658,55.70,32977,59.64,51990,55.84,43106,59.53,54984,53.62,44320,56.82,42448,48.16,33843,52.03,35320,54.50,29749,57.74,36187,56.51,30157,60.88,84860,51.12,67899,55.70,36344,47.09,28777,51.27,14052,51.51,11065,56.79,652861,53.28,533879,57.16
2015.14,77455,51.44,64228,54.96,82069,53.52,66600,57.01,12388,56.09,9967,59.69,85106,57.14,71191,61.05,39658,55.70,32977,59.64,51990,55.84,43106,59.53,54984,53.62,44320,56.82,42448,48.16,33843,52.03,35320,54.50,29749,57.74,36187,56.51,30157,60.88,84860,51.13,67899,55.71,36344,47.09,28777,51.27,14052,51.51,11065,56.79,652861,53.28,533879,57.17
2015.15,77455,51.45,64228,54.96,82069,53.52,66600,57.01,12388,56.09,9967,59.69,85106,57.14,71191,61.05,39658,55.70,32977,59.65,51990,55.84,43106,59.53,54984,53.63,44320,56.82,42448,48.16,33843,52.03,35320,54.50,29749,57.74,36187,56.51,30157,60.89,84860,51.13,67899,55.71,36344,47.09,28777,51.27,14052,51.52,11065,56.79,652861,53.28,533879,57.17
2015.16,77455,51.45,64228,54.97,82069,53.52,66600,57.01,12388,56.09,9967,59.69,85106,57.14,71191,61.05,39658,55.71,32977,59.65,51990,55.84,43106,59.53,54984,53.63,44320,56.82,42448,48.17,33843,52.03,35320,54.50,29749,57.74,36187,56.51,30157,60.89,84860,51.13,67899,55.71,36344,47.10,28777,51.27,14052,51.52,11065,56.79,652861,53.28,533879,57.17
2015.17,77455,51.45,64228,54.97,82069,53.52,66600,57.01,12388,56.09,9967,59.69,85106,57.14,71191,61.05,39658,55.71,32977,59.65,51990,55.84,43106,59.53,54984,53.63,44320,56.82,42448,48.17,33843,52.03,35320,54.50,29749,57.74,36187,56.51,30157,60.89,84860,51.13,67899,55.71,36344,47.10,28777,51.27,14052,51.52,11065,56.79,652861,53.28,533879,57.17
2015.18,77455,51.45,64228,54.97,82069,53.52,66600,57.01,12388,56.09,9967,59.69,85106,57.14,71191,61.05,39658,55.71,32977,59.65,51990,55.84,43106,59.53,54984,53.63,44320,56.82,42448,48.17,33843,52.03,35320,54.50,29749,57.74,36187,56.52,30157,60.89,84860,51.13,67899,55.71,36344,47.10,28777,51.27,14052,51.52,11065,56.79,652861,53.28,533879,57.17
2015.19,77455,51.45,64228,54.97,82069,53.52,66600,57.01,12388,56.09,9967,59.69,85106,57.14,71191,61.05,39658,55.71,32977,59.65,51990,55.84,43106,59.53,54984,53.63,44320,56.82,42448,48.17,33843,52.03,35320,54.50,29749,57.74,36187,56.52,30157,60.89,84860,51.13,67899,55.71,36344,47.10,28777,51.27,14052,51.52,11065,56.79,652861,53.28,533879,57.17
2015.20,77455,51.46,64228,54.97,82069,53.52,66600,57.01,12388,56.09,9967,59.69,85106,57.14,71191,61.05,39658,55.71,32977,59.65,51990,55.84,43106,59.53,54984,53.63,44320,56.82,42448,48.17,33843,52.03,35320,54.50,29749,57.74,36187,56.52,30157,60.89,84860,51.13,67899,55.71,36344,47.10,28777,51.27,14052,51.52,11065,56.79,652861,53.28,533879,57.17
2015.21,77455,51.46,64228,54.97,82069,53.52,66600,57.01,12388,56.09,9967,59.70,85106,57.14,71191,61.05,39658,55.71,32977,59.65,51990,55.84,43106,59.53,54984,53.63,44320,56.82,42448,48.17,33843,52.03,35320,54.50,29749,57.74,36187,56.52,30157,60.89,84860,51.13,67899,55.71,36344,47.10,28777,51.27,14052,51.52,11065,56.79,652861,53.28,533879,57.17
2015.22,77455,51.46,64228,54.97,82069,53.52,66600,57.01,12388,56.09,9967,59.70,85106,57.14,71191,61.05,39658,55.71,32977,59.65,51990,55.84,43106,59.53,54984,53.63,44320,56.82,42448,48.17,33843,52.03,35320,54.50,29749,57.74,36187,56.52,30157,60.89,84860,51.13,67899,55.71,36344,47.10,28777,51.27,14052,51.52,11065,56.79,652861,53.28,533879,57.17
2015.23,77455,51.46,64228,54.97,82069,53.53,66600,57.01,12388,56.09,9967,59.70,85106,57.14,71191,61.05,39658,55.71,32977,59.65,51990,55.84,43106,59.53,54984,53.63,44320,56.82,42448,48.17,33843,52.04,35320,54.50,29749,57.74,36187,56.52,30157,60.89,84860,51.13,67899,55.71,36344,47.10,28777,51.27,14052,51.52,11065,56.79,652861,53.28,533879,57.17
2015.24,77455,51.46,64228,54.97,82069,53.53,66600,57.01,12388,56.09,9967,59.70,85106,57.14,71191,61.05,39658,55.71,32977,59.65,51990,55.84,43106,59.53,54984,53.63,44320,56.82,42448,48.17,33843,52.04,35320,54.50,29749,57.74,36187,56.52,30157,60.89,84860,51.13,67899,55.71,36344,47.10,28777,51.27,14052,51.52,11065,56.79,652861,53.28,533879,57.17
2015.25,77455,51.46,64228,54.98,82069,53.53,66600,57.01,12388,56.09,9967,59.70,85106,57.14,71191,61.05,39658,55.71,32977,59.65,51990,55.84,43106,59.53,54984,53.63,44320,56.82,42448,48.17,33843,52.04,35320,54.50,29749,57.74,36187,56.52,30157,60.89,84860,51.13,67899,55.71,36344,47.10,28777,51.27,14052,51.52,11065,56.79,652861,53.28,533879,57.17
2015.26,77455,51.46,64228,54.98,82069,53.53,66600,57.01,12388,56.09,9967,59.70,85106,57.14,71191,61.05,39658,55.71,32977,59.65,51990,55.84,43106,59.53,54984,53.63,44320,56.82,42448,48.17,33843,52.04,35320,54.50,29749,57.74,36187,56.52,30157,60.89,84860,51.13,67899,55.71,36344,47.10,28777,51.27,14052,51.52,11065,56.79,652861,53.28,533879,57.17
2015.27,77455,51.46,64228,54.98,82069,53.53,66600,57.01,12388,56.09,9967,59.70,85106,57.14,71191,61.05,39658,55.71,32977,59.65,51990,55.84,43106,59.53,54984,53.63,44320,56.82,42448,48.17,33843,52.04,35320,54.50,29749,57.74,36187,56.52,30157,60.89,84860,51.13,67899,55.71,36344,47.10,28777,51.27,14052,51.52,11065,56.79,652861,53.28,533879,57.17
2015.28,77455,51.46,64228,54.98,82069,53.53,66600,57.01,12388,56.09,9967,59.70,85106,57.14,71191,61.05,39658,55.71,32977,59.65,51990,55.84,43106,59.53,54984,53.63,44320,56.82,42448,48.17,33843,52.04,35320,54.50,29749,57.74,36187,56.52,30157,60.89,84860,51.13,67899,55.71,36344,47.10,28777,51.27,14052,51.52,11065,56.79,652861,53.28,533879,57.17
2015.29,77455,51.46,64228,54.98,82069,53.53,66600,57.01,12388,56.09,9967,59.70,85106,57.14,71191,61.05,39658,55.71,32977,59.65,51990,55.84,43106,59.53,54984,53.63,44320,56.82,42448,48.17,33843,52.04,35320,54.50,29749,57.74,36187,56.52,30157,60.89,84860,51.13,67899,55.71,36344,47.10,28777,51.27,14052,51.52,11065,56.79,652861,53.29,533879,57.17
