Week,D01.Tmax,D01.Tmin,D01.prcp,D02.Tmax,D02.Tmin,D02.prcp,D03.Tmax,D03.Tmin,D03.prcp,D04.Tmax,D04.Tmin,D04.prcp,D05.Tmax,D05.Tmin,D05.prcp,D06.Tmax,D06.Tmin,D06.prcp,D07.Tmax,D07.Tmin,D07.prcp,D08.Tmax,D08.Tmin,D08.prcp,D09.Tmax,D09.Tmin,D09.prcp,D10.Tmax,D10.Tmin,D10.prcp,D11.Tmax,D11.Tmin,D11.prcp,D12.Tmax,D12.Tmin,D12.prcp,D13.Tmax,D13.Tmin,D13.prcp,TN.Tmax,TN.Tmin,TN.prcp
2009.32,32.19,21.29,0.55,31.46,19.89,0.96,32.28,20.53,2.07,31.88,19.72,0.95,31.95,20.08,1.14,31.49,19.39,2.65,31.08,19.30,0.62,30.73,19.22,2.93,31.11,20.02,1.95,31.59,20.09,4.64,29.29,18.35,4.15,28.16,16.48,3.46,30.69,18.36,2.34,31.02,19.29,2.03
2009.33,31.86,21.51,6.12,30.86,20.24,2.44,31.26,20.74,1.81,30.36,20.23,3.39,30.17,20.33,3.73,29.50,19.98,2.79,29.13,19.34,3.55,28.89,19.51,3.54,29.54,20.26,3.64,30.24,20.31,5.25,27.73,18.43,6.71,26.91,17.15,5.83,29.73,18.79,2.43,29.45,19.63,3.89
2009.34,29.72,18.12,0.07,28.99,16.18,0.15,30.00,16.03,0.12,28.30,16.14,1.05,28.23,16.35,1.01,28.36,15.57,0.84,27.14,15.96,0.62,26.97,16.87,2.21,27.85,18.15,5.37,28.73,17.77,1.28,26.15,16.06,2.75,25.89,15.15,1.73,28.86,16.35,0.54,27.73,16.18,1.32
2009.35,27.92,16.59,1.96,25.82,14.06,0.37,27.98,14.51,0.02,26.78,14.32,2.62,27.09,14.64,3.02,26.93,14.29,2.10,26.32,13.97,0.38,26.05,15.03,1.44,26.06,16.75,0.48,26.91,16.74,0.52,24.94,14.79,1.34,24.39,13.81,0.97,27.07,15.15,0.81,26.28,14.53,1.57
2009.36,30.77,20.32,0.86,30.31,17.75,2.23,31.12,18.24,4.85,29.46,16.81,1.80,29.69,17.50,2.62,28.79,16.62,2.89,27.72,16.04,3.67,26.73,16.34,2.62,26.17,17.05,4.01,28.09,17.70,2.04,25.31,15.44,2.10,24.19,13.28,4.01,26.32,15.06,3.96,28.04,16.47,2.63
2009.37,26.49,20.78,19.57,26.69,19.51,10.30,27.20,20.07,9.69,26.43,18.19,12.12,25.93,18.01,16.73,26.76,18.56,14.05,25.61,16.99,14.04,25.20,17.97,8.75,24.19,18.68,14.98,26.66,18.03,8.15,24.31,16.05,5.95,24.33,13.83,2.12,27.18,15.44,0.58,25.83,17.70,11.03
2009.38,27.32,20.97,5.58,26.87,20.53,7.79,27.32,21.05,12.22,26.94,20.01,11.13,26.75,19.98,12.48,26.63,19.74,13.86,26.53,19.29,7.12,25.79,19.03,12.66,25.24,19.52,18.23,27.29,19.67,3.75,24.99,17.13,7.74,24.50,16.06,7.78,26.79,17.69,7.69,26.31,19.23,10.25
2009.39,25.28,11.78,0.14,24.40,10.27,1.99,24.42,10.40,2.46,22.93,9.65,3.49,23.02,9.77,3.53,23.23,9.40,4.16,21.45,8.87,6.25,22.10,8.96,5.48,21.87,10.79,6.17,22.13,10.23,11.83,20.52,8.47,8.39,18.74,7.65,6.48,20.86,8.56,5.89,22.28,9.32,4.98
2009.40,22.22,12.64,10.22,21.45,11.13,8.19,21.15,11.73,7.20,20.80,9.83,6.28,21.55,9.92,5.99,21.87,10.85,8.00,20.06,9.08,6.13,20.68,11.01,7.75,20.69,12.00,9.90,23.27,11.13,5.24,20.59,10.06,5.97,20.70,8.51,3.16,22.41,9.69,2.75,21.01,10.22,6.68
2009.41,17.11,11.26,5.22,16.58,9.54,4.89,16.80,9.84,4.30,15.82,8.75,7.14,16.41,8.27,6.73,17.43,10.56,5.42,16.01,9.03,8.62,16.81,10.90,5.79,17.19,11.22,5.10,18.10,12.06,7.18,15.92,9.94,7.11,14.93,9.13,5.32,15.63,9.16,5.05,16.34,9.66,6.48
2009.42,18.39,6.73,6.28,18.32,5.17,3.64,19.25,5.30,2.65,17.91,4.30,2.54,18.63,4.52,2.55,18.61,4.35,3.03,17.92,3.73,1.70,17.36,3.53,1.22,16.82,4.87,1.22,17.69,4.11,1.14,16.76,3.45,1.22,16.48,1.99,1.07,18.88,2.61,1.84,17.82,4.05,2.21
2009.43,20.55,9.30,15.31,19.73,7.40,11.99,19.57,7.10,11.88,18.15,5.97,9.49,17.70,5.75,8.91,19.15,5.98,8.91,17.87,5.41,6.32,17.42,6.18,6.22,16.09,7.59,5.77,18.41,7.30,3.78,18.26,6.49,4.23,18.77,5.51,4.00,20.71,5.87,4.10,18.39,6.20,7.75
2009.44,20.65,5.18,0.00,19.88,3.27,0.01,20.44,3.05,0.02,17.69,1.63,0.14,18.52,1.78,0.44,19.15,1.91,0.07,16.99,1.01,0.27,17.60,1.80,0.52,18.12,4.05,0.40,17.67,1.81,1.50,16.63,1.50,1.87,14.82,0.75,2.31,16.04,1.09,2.05,17.81,1.82,0.58
2009.45,21.93,7.48,0.00,21.66,5.90,0.00,22.04,5.71,0.00,20.16,5.12,0.10,20.36,5.45,0.00,20.21,4.70,1.40,19.18,4.04,1.43,18.70,5.55,6.17,17.88,6.83,9.25,18.41,6.36,6.44,17.20,5.25,7.98,15.80,4.06,9.07,17.05,5.46,7.98,19.35,5.12,2.98
2009.46,16.77,6.10,1.29,16.68,5.10,2.08,16.54,4.80,1.07,16.77,4.01,1.23,16.73,2.82,0.88,17.03,3.13,0.74,17.13,2.96,0.35,17.10,3.08,0.49,17.08,3.73,1.03,18.17,4.20,1.64,16.88,4.02,1.05,16.32,3.12,0.24,17.94,4.24,0.01,16.91,3.67,0.93
2009.47,15.63,4.75,0.15,14.58,3.50,0.46,14.95,3.24,0.69,13.18,2.68,0.27,13.93,2.37,0.09,12.64,2.70,0.62,12.67,2.28,0.29,12.43,3.41,1.18,12.29,3.82,1.57,13.81,3.96,0.88,12.42,2.70,0.40,12.91,1.32,0.38,13.98,1.91,0.21,13.08,2.77,0.49
2009.48,10.99,1.23,6.35,10.14,-0.68,5.54,9.59,-0.93,6.02,10.13,-0.26,4.68,10.36,-0.24,4.29,11.09,-0.35,5.76,11.36,-0.26,6.20,10.60,0.39,6.09,10.97,0.95,6.28,12.23,1.69,6.35,10.58,0.39,5.95,10.50,0.30,4.81,11.12,0.48,5.12,10.64,-0.03,5.51
2009.49,7.93,-1.92,7.92,6.90,-3.30,8.51,7.95,-3.27,8.77,6.65,-3.65,7.68,7.20,-4.82,7.89,7.58,-3.96,7.90,6.39,-4.15,7.12,6.76,-3.54,10.98,6.85,-3.10,11.63,7.07,-3.97,10.62,6.04,-4.15,9.52,5.54,-4.79,6.68,5.87,-4.85,7.58,6.72,-3.88,8.39
2009.50,10.43,1.14,1.11,10.27,0.00,2.09,10.22,1.05,1.33,9.25,-0.11,3.06,9.58,-0.69,2.72,10.47,0.40,5.14,9.84,0.09,7.28,9.22,0.81,7.98,8.78,2.35,9.85,8.74,0.16,9.16,8.69,-0.55,7.79,8.29,-2.17,5.87,7.94,-1.39,12.01,9.47,-0.03,5.36
2009.51,9.88,0.97,6.15,9.51,-0.18,4.17,10.78,0.66,3.78,9.44,-0.23,2.21,10.55,-0.77,1.82,10.36,-0.72,2.93,8.81,-1.03,2.35,8.64,-1.33,3.60,8.07,-0.97,3.43,10.01,-1.41,3.03,8.67,-1.40,2.32,6.33,-1.58,2.20,7.71,-1.19,0.80,9.20,-0.78,2.74
2009.52,6.22,-2.42,0.71,5.44,-4.20,1.30,5.20,-3.85,0.87,4.95,-4.85,1.57,4.89,-4.47,1.60,5.61,-4.14,1.69,5.02,-4.89,1.57,5.59,-4.33,1.39,5.41,-3.47,1.55,6.11,-4.04,1.17,4.84,-4.15,1.27,4.49,-4.49,0.81,6.93,-4.32,0.86,5.20,-4.40,1.43
2010.01,-1.15,-9.82,0.18,-1.87,-11.33,0.10,-1.95,-11.04,0.04,-2.88,-11.73,0.28,-3.33,-11.48,0.16,-2.29,-11.70,0.23,-3.72,-12.43,0.39,-3.08,-11.82,0.16,-2.61,-10.98,0.16,-2.37,-10.79,0.25,-3.22,-11.50,0.55,-4.16,-11.15,0.56,-3.47,-10.72,0.64,-2.93,-11.62,0.30
2010.02,7.29,-6.49,0.56,6.13,-7.93,0.19,7.53,-8.06,0.48,4.34,-8.97,0.07,4.94,-8.81,0.06,5.52,-9.34,0.23,3.64,-8.91,0.15,4.67,-8.29,0.12,3.91,-6.74,0.25,4.27,-8.66,0.01,4.08,-8.26,0.11,2.93,-9.89,0.51,3.56,-9.69,0.21,4.60,-8.71,0.17
2010.03,15.46,6.04,9.47,14.27,4.79,11.09,14.69,5.26,9.86,13.11,3.82,10.65,13.83,4.17,10.84,13.52,3.94,11.76,13.00,4.49,11.41,12.83,4.46,11.78,12.89,4.76,9.13,12.77,3.97,10.08,12.11,3.67,9.05,10.98,1.91,6.04,12.21,3.06,6.45,13.06,4.03,10.47
2010.04,9.15,0.11,6.00,8.01,-1.21,5.77,6.83,-2.11,6.66,6.28,-2.08,5.62,5.59,-2.21,5.68,7.00,-2.13,9.28,5.94,-2.01,11.55,6.91,-1.03,13.80,6.93,-1.08,13.83,7.86,0.63,12.90,6.75,-0.97,12.01,6.55,-0.51,6.86,7.07,-0.36,6.19,6.69,-1.55,8.97
2010.05,5.46,-3.23,3.60,5.04,-4.52,3.41,5.53,-4.95,3.04,4.87,-4.81,5.01,5.37,-3.34,5.70,5.53,-3.22,6.98,4.56,-4.49,8.32,5.01,-2.46,8.97,4.32,-1.32,11.03,4.76,-2.44,9.42,4.51,-3.13,7.80,4.07,-3.64,6.31,4.92,-3.72,7.04,4.90,-3.75,6.64
2010.06,3.11,-3.25,7.33,2.45,-4.69,3.90,2.54,-4.40,3.72,1.27,-6.07,2.96,1.43,-6.25,2.97,2.49,-5.25,3.24,1.59,-5.80,2.71,1.96,-5.11,1.40,3.15,-4.17,1.93,3.34,-3.51,1.08,2.24,-5.00,1.17,1.96,-4.91,0.97,2.98,-4.29,0.69,1.98,-5.33,2.55
2010.07,7.13,-3.71,0.81,5.83,-4.72,0.98,6.62,-5.08,1.07,3.94,-5.46,0.73,4.98,-5.54,0.65,5.68,-5.77,0.86,2.77,-6.02,1.20,3.54,-5.45,1.48,4.36,-4.67,0.56,3.80,-4.06,1.03,3.38,-5.21,1.33,1.85,-5.62,1.18,3.36,-5.37,0.37,4.12,-5.41,1.01
2010.08,9.42,-1.65,3.40,9.46,-2.33,1.86,9.40,-2.98,2.40,8.46,-3.27,1.60,7.71,-3.24,1.64,9.12,-4.13,2.07,7.64,-3.01,1.61,8.30,-2.78,2.08,9.01,-2.70,1.45,9.53,-1.50,2.05,7.52,-2.87,1.79,6.90,-3.66,0.93,7.49,-2.54,0.53,8.32,-3.12,1.76
2010.09,10.89,-2.22,0.22,10.06,-2.83,0.27,10.58,-3.80,0.16,7.59,-3.01,0.26,7.26,-2.43,0.38,8.25,-3.73,0.59,5.50,-3.01,0.36,6.27,-2.70,0.98,5.95,-2.11,2.82,5.86,-2.21,0.83,4.89,-2.85,0.79,3.43,-3.09,0.64,4.93,-2.16,0.34,6.89,-2.97,0.55
2010.10,19.50,6.79,5.81,18.85,5.83,5.18,18.90,6.39,4.73,17.82,4.15,4.84,17.58,5.79,4.98,17.78,4.14,6.62,16.71,2.91,3.66,15.66,3.86,4.80,14.98,4.73,5.21,16.51,1.83,4.03,15.35,2.74,3.59,15.28,0.91,3.01,16.91,1.15,3.48,17.02,3.84,4.71
2010.11,15.19,5.65,0.14,14.01,5.20,0.26,15.73,5.26,0.23,12.95,4.37,0.42,13.01,4.91,0.38,13.06,4.34,0.59,12.32,3.59,1.16,12.09,4.02,1.16,11.94,5.00,1.02,12.47,4.16,0.95,11.96,3.65,1.37,11.48,2.06,0.74,13.53,3.56,0.57,12.74,4.14,0.75
2010.12,18.36,5.56,5.72,17.27,4.05,7.82,17.51,3.69,6.98,15.82,3.07,6.96,16.01,3.71,6.78,16.18,2.72,6.80,14.92,2.03,5.04,14.89,2.37,5.92,14.45,3.32,5.36,16.03,2.93,3.75,14.59,1.83,3.46,13.74,-0.22,2.92,16.19,1.87,1.89,15.57,2.63,5.80
2010.13,21.96,9.02,4.66,21.62,6.75,5.00,22.34,7.46,4.69,21.75,5.17,2.66,22.33,7.25,2.52,21.93,4.87,2.89,20.78,4.28,2.61,21.34,5.32,2.66,21.21,6.64,2.64,20.79,5.07,2.92,19.82,5.42,2.56,18.60,1.82,1.81,21.06,4.09,2.01,21.19,5.24,2.87
2010.14,24.47,11.57,4.41,24.39,10.21,3.90,24.54,9.89,4.65,24.40,9.83,2.24,25.60,11.15,1.67,24.78,8.93,1.89,23.85,7.57,1.84,24.79,8.80,2.85,25.27,10.55,3.14,25.23,9.06,2.92,23.95,8.21,3.11,23.52,5.87,3.11,25.16,7.64,2.62,24.44,8.99,2.58
2010.15,28.37,11.32,0.00,27.96,9.21,0.00,28.46,9.45,0.00,27.37,8.17,0.02,27.20,9.85,0.00,27.00,7.68,0.00,26.70,7.52,0.08,26.53,8.44,0.00,25.69,10.31,0.00,26.41,7.70,0.00,25.29,7.77,0.05,23.38,5.19,0.25,25.69,6.77,0.13,26.65,8.10,0.04
2010.16,23.82,11.76,5.05,22.85,8.82,2.23,23.38,9.59,3.03,21.84,6.88,1.43,21.82,8.55,0.75,22.35,6.46,1.65,21.37,6.17,1.07,21.02,7.28,1.96,21.91,9.29,3.04,20.86,7.53,2.11,19.73,6.53,2.07,18.82,3.96,1.67,21.51,5.44,2.09,21.45,6.99,1.74
2010.17,22.96,12.93,19.29,22.08,11.01,18.39,22.20,11.29,28.48,20.91,10.06,13.75,20.71,11.27,14.47,21.06,9.24,6.55,20.33,9.49,7.18,20.58,8.99,7.91,21.61,10.75,2.90,21.41,9.67,6.58,20.24,8.13,5.99,19.79,6.45,3.87,22.49,6.55,3.53,20.86,9.50,10.00
2010.18,29.09,16.25,10.60,27.96,14.67,24.94,28.14,15.08,30.18,27.04,14.05,36.05,27.03,13.87,47.00,27.40,13.38,24.86,27.01,12.93,21.97,27.28,13.77,10.67,28.24,15.88,10.97,28.80,14.76,9.25,27.19,13.23,11.37,26.77,11.55,5.50,28.85,12.75,5.46,27.33,13.67,22.99
2010.19,26.03,16.61,5.79,24.37,14.58,3.27,25.37,15.41,2.40,23.37,12.58,2.93,23.84,13.25,4.00,24.22,12.16,1.55,23.55,11.24,1.66,23.85,11.97,1.26,24.31,13.32,1.05,24.37,11.59,0.94,23.05,10.75,1.26,21.57,8.61,0.48,24.40,10.82,0.38,23.66,12.13,2.07
2010.20,26.89,16.50,6.49,24.60,14.59,7.67,25.86,15.49,9.73,23.69,14.22,7.55,23.40,14.41,7.71,24.99,14.16,7.07,23.68,14.02,7.28,24.44,13.87,4.44,25.29,15.27,4.54,25.73,14.53,5.58,23.60,13.02,4.02,23.05,11.93,3.79,24.60,13.49,3.39,24.14,14.00,6.35
2010.21,31.69,19.98,5.43,30.79,18.22,3.06,31.61,19.18,2.89,30.17,17.09,1.32,28.95,18.04,1.29,29.87,16.24,1.52,28.79,15.47,1.47,28.60,15.64,2.29,28.80,16.93,1.38,29.67,15.87,1.55,27.82,14.49,2.70,25.93,13.20,2.64,29.20,14.76,2.45,29.23,16.25,1.97
2010.22,31.35,21.31,4.08,30.74,19.73,3.38,31.58,20.38,3.61,29.95,18.23,2.62,30.04,18.95,1.84,29.31,17.95,3.53,28.73,17.39,3.40,27.78,17.96,5.53,28.28,19.28,8.33,29.20,18.80,1.75,27.22,17.03,2.79,26.82,15.70,2.94,29.48,17.29,1.13,29.02,18.04,3.34
2010.23,32.12,22.01,0.93,30.88,20.21,2.67,31.83,20.65,9.33,30.60,19.11,3.25,30.77,19.12,3.39,30.09,18.67,3.61,28.79,17.74,6.38,28.74,17.61,6.00,29.52,19.28,4.08,29.36,17.91,3.98,27.15,16.46,5.32,25.90,14.37,2.94,28.24,16.65,1.85,29.41,18.23,4.25
2010.24,34.83,23.85,1.72,34.13,22.29,1.60,34.63,23.09,3.37,33.42,21.22,3.06,32.58,21.54,3.74,32.67,20.74,2.83,31.77,20.02,2.27,31.18,19.88,2.86,31.80,21.87,3.70,32.53,20.31,2.69,30.28,18.81,2.36,28.84,16.97,3.35,31.51,18.77,4.12,32.20,20.47,2.76
2010.25,35.60,23.78,0.59,34.85,22.17,2.16,35.14,22.74,4.00,34.22,21.05,2.02,33.75,21.29,1.23,33.65,20.28,2.70,32.51,19.90,1.95,32.74,20.24,1.03,33.22,22.22,0.82,33.97,20.43,1.06,31.55,18.89,1.24,30.63,16.67,0.96,33.41,18.18,1.52,33.26,20.35,1.77
2010.26,32.84,21.30,0.60,32.29,19.82,1.12,32.50,20.43,1.74,31.82,18.53,1.99,31.00,18.92,4.57,31.77,18.87,1.48,30.53,18.00,2.31,30.90,18.70,0.51,31.57,20.90,0.80,32.46,19.99,3.37,29.79,17.70,1.56,29.24,16.08,1.20,31.24,17.65,3.07,31.18,18.57,1.78
2010.27,34.17,22.78,0.47,33.40,21.26,0.77,33.69,21.99,0.78,33.43,20.10,1.40,32.85,20.68,1.26,33.19,19.52,3.42,32.57,18.69,2.59,32.62,18.55,1.74,33.60,20.06,2.80,34.39,19.53,1.54,31.79,18.33,2.32,31.40,16.02,1.61,33.93,17.74,1.23,32.90,19.39,1.95
2010.28,33.46,23.27,19.51,32.75,22.06,12.65,33.03,22.74,11.60,32.64,21.02,9.00,32.60,21.47,12.56,31.94,20.74,7.80,31.28,19.99,5.95,31.35,20.04,7.06,31.89,21.58,6.94,32.61,21.33,5.01,30.22,19.21,7.16,28.87,17.34,4.33,31.54,18.86,3.10,31.72,20.48,8.28
2010.29,33.70,23.90,0.12,33.50,22.93,0.51,34.32,23.86,0.02,33.52,22.58,0.88,33.45,23.03,0.57,33.28,21.94,0.53,31.96,21.10,5.01,32.31,21.26,2.89,33.04,22.91,0.67,31.97,21.59,8.71,30.74,20.33,6.92,29.79,18.90,5.11,32.89,20.76,1.97,32.56,21.74,2.64
2010.30,34.45,24.32,5.89,34.14,23.29,3.60,34.30,23.95,4.50,34.43,22.55,2.16,33.52,23.07,1.92,33.76,22.09,3.28,32.82,21.69,3.03,32.92,21.43,2.45,34.09,22.85,3.73,33.64,22.79,2.03,31.28,20.95,3.33,30.40,19.51,3.02,33.46,21.26,2.00,33.24,22.03,2.89
2010.31,36.26,25.35,0.87,35.78,23.07,0.88,35.81,23.53,0.58,35.19,21.57,4.27,34.13,21.75,5.19,35.24,21.74,1.85,33.19,21.17,5.00,33.05,21.54,4.34,33.81,22.85,3.25,32.54,21.90,3.27,29.22,19.40,3.77,29.51,18.76,3.67,33.02,20.20,2.46,33.57,21.36,3.53
2010.32,35.41,24.94,3.24,35.88,23.26,2.17,36.12,23.53,4.19,35.71,22.30,1.34,34.93,22.51,3.22,35.71,22.06,2.51,34.14,21.57,1.68,34.38,21.73,1.60,34.92,23.82,0.93,35.07,21.84,1.19,30.41,19.44,3.20,31.35,18.74,1.71,34.41,20.32,2.48,34.39,21.72,2.08
2010.33,34.98,24.86,1.00,34.32,22.32,4.16,34.40,22.72,2.55,32.63,20.86,14.97,32.74,20.88,15.95,32.97,21.43,8.36,30.72,20.66,20.36,32.16,21.73,5.31,32.10,22.64,4.80,33.03,22.06,6.28,28.10,19.23,7.88,28.56,18.97,12.74,30.67,20.76,12.23,31.78,20.98,11.03
2010.34,32.54,20.09,2.65,30.88,17.66,0.99,33.47,18.33,0.01,30.88,17.63,1.54,30.20,17.77,1.71,31.09,17.66,3.26,29.39,16.95,1.10,30.95,17.72,1.29,30.60,19.21,0.64,30.94,18.17,3.28,27.29,15.92,3.05,27.13,15.03,2.56,29.76,17.16,3.77,30.08,17.30,1.95
2010.35,31.59,20.18,0.37,31.03,18.58,1.21,30.89,18.55,2.61,31.34,17.39,0.39,30.54,17.50,0.24,30.73,16.70,1.12,30.49,16.16,0.44,31.27,16.44,0.55,31.17,18.10,0.01,33.24,16.51,0.27,28.22,14.59,1.03,29.52,13.15,0.14,31.75,15.41,0.69,30.61,16.59,0.67
2010.36,31.01,19.13,0.31,30.07,16.68,2.35,31.02,17.39,1.90,28.86,14.67,3.60,28.28,15.23,3.87,30.33,14.94,0.99,28.00,13.57,2.96,30.05,14.96,0.92,30.05,16.92,0.18,28.73,14.37,2.43,25.30,12.97,3.61,25.84,11.00,2.89,27.44,12.69,4.96,28.61,14.51,2.58
2010.37,32.57,17.50,0.10,31.77,15.32,0.13,32.44,14.74,0.14,31.01,14.45,0.40,29.91,14.47,0.72,31.71,14.41,0.34,29.47,13.79,2.04,30.73,14.99,2.04,30.55,17.12,0.99,30.01,15.56,9.34,25.98,13.16,6.39,26.21,12.06,3.91,28.19,13.57,3.15,29.97,14.32,1.92
2010.38,35.03,18.99,0.05,34.58,17.33,0.23,35.29,17.18,0.03,33.75,16.36,0.49,32.26,16.42,0.59,34.03,16.45,2.13,31.73,15.99,1.31,32.72,17.25,1.01,32.20,18.48,1.48,31.83,16.76,0.30,27.90,15.31,0.42,28.17,13.73,0.62,30.76,15.56,0.02,32.30,16.32,0.86
2010.39,26.27,11.30,0.00,25.99,9.29,0.25,26.72,8.81,0.02,24.89,9.16,0.01,24.87,9.85,0.02,24.81,9.75,1.65,22.76,9.88,0.81,22.40,11.34,3.90,22.72,12.93,3.25,22.54,13.03,5.58,19.99,10.39,5.36,20.12,10.17,7.55,20.99,12.19,6.19,23.47,10.05,2.12
2010.40,25.37,7.02,0.00,24.68,4.88,0.00,25.29,3.91,0.00,23.34,4.43,0.00,22.75,4.55,0.00,23.79,4.45,0.00,21.10,4.09,0.02,22.18,5.10,0.00,22.01,7.43,0.00,21.27,6.10,0.01,17.94,5.04,0.20,17.21,4.65,0.35,19.17,5.65,0.29,22.00,4.74,0.05
2010.41,27.77,11.31,0.01,27.77,8.82,1.05,28.26,8.23,0.17,26.60,8.37,1.18,26.17,8.29,1.38,26.26,8.25,2.54,24.48,6.82,1.21,24.88,8.00,1.66,25.19,10.50,0.11,24.20,7.79,0.57,21.52,6.65,1.61,20.99,5.65,2.86,23.61,6.81,1.14,25.16,7.85,1.50
2010.42,26.45,9.63,0.07,26.16,6.70,0.09,26.93,6.21,0.04,24.90,5.31,0.10,24.39,5.70,0.19,25.22,5.14,0.09,23.60,4.24,0.10,23.80,5.12,0.33,23.58,8.10,0.32,23.19,4.86,0.64,20.59,4.79,1.03,19.65,2.52,1.49,21.93,3.99,1.08,23.87,5.17,0.35
2010.43,23.36,9.58,6.13,23.02,8.66,5.06,23.47,8.31,4.04,23.20,8.06,7.19,22.82,6.59,7.62,23.49,8.57,8.38,22.99,7.76,9.13,22.32,8.68,14.72,22.07,9.75,10.72,23.26,8.16,14.16,20.23,7.41,11.42,20.58,6.96,7.01,22.07,7.94,6.30,22.54,8.05,8.88
2010.44,17.98,5.55,3.19,17.68,4.09,1.34,18.46,3.86,1.06,17.53,3.79,1.14,17.49,4.62,1.51,17.77,3.70,1.47,16.80,3.31,2.27,16.18,4.72,2.27,15.56,5.66,2.97,17.53,4.06,3.68,14.59,3.45,3.86,14.48,2.75,3.42,15.46,2.79,3.83,16.76,3.85,2.11
2010.45,22.08,3.73,0.17,21.76,2.17,0.09,22.70,1.09,0.10,19.63,0.76,0.03,18.58,0.50,0.06,21.04,0.58,0.03,19.37,0.15,0.01,19.44,1.32,0.07,18.71,3.67,0.00,17.93,-0.09,0.09,16.82,0.84,0.05,15.60,-1.39,0.15,17.78,-0.79,0.25,19.32,0.79,0.05
2010.46,13.97,3.04,4.48,13.27,1.78,4.27,13.89,1.63,4.60,13.45,2.75,4.70,13.85,3.73,4.50,15.60,3.18,4.57,15.10,3.75,5.97,15.66,3.89,7.57,15.33,4.97,7.04,15.59,4.70,6.16,13.87,3.84,5.65,14.26,2.05,2.94,15.80,3.41,3.34,14.43,3.22,5.17
2010.47,20.23,6.91,11.70,19.06,5.54,11.32,19.21,5.47,14.59,17.64,4.24,9.00,18.10,4.78,6.55,19.21,4.94,6.14,18.41,4.32,6.35,17.68,5.51,5.13,16.69,6.82,4.66,17.86,4.76,5.45,15.85,3.88,4.38,16.30,2.85,2.43,16.88,2.33,3.13,17.86,4.61,6.85
2010.48,13.85,0.28,4.95,12.19,-1.04,5.49,13.04,-1.03,4.51,10.73,-2.00,7.20,11.51,-0.82,8.26,12.28,-1.84,10.04,9.71,-1.86,11.58,10.58,-1.44,14.67,10.10,-0.80,13.97,9.83,-1.83,12.24,8.93,-1.55,12.00,8.43,-3.01,7.88,10.40,-2.10,7.35,10.67,-1.67,9.66
2010.49,7.75,-4.05,1.70,6.21,-5.24,0.62,6.27,-5.32,1.01,4.24,-6.03,0.19,3.58,-5.71,0.17,5.56,-5.60,0.23,3.00,-6.51,0.74,3.56,-5.49,0.31,3.52,-4.87,0.17,3.66,-5.71,0.82,2.75,-5.98,1.16,1.50,-6.76,1.43,2.18,-6.59,0.95,4.02,-5.86,0.56
2010.50,6.38,-4.15,2.08,4.36,-6.25,4.96,4.37,-5.36,4.99,2.88,-7.29,6.03,2.19,-7.39,5.61,3.54,-7.06,4.87,2.03,-7.60,6.98,2.14,-6.72,3.64,3.52,-6.56,2.75,2.94,-5.71,4.20,1.88,-6.56,4.91,0.66,-7.60,5.48,0.94,-6.82,6.31,2.70,-6.95,5.27
2010.51,10.57,-0.17,0.10,8.78,-2.07,0.26,9.10,-1.38,0.26,6.10,-3.25,0.48,5.29,-2.66,0.51,8.12,-3.09,0.86,5.13,-3.51,0.78,6.44,-3.50,0.97,6.51,-2.68,1.17,5.33,-3.97,0.61,3.94,-3.94,1.35,2.66,-4.26,0.59,3.12,-3.73,0.40,6.09,-3.22,0.73
2010.52,9.75,0.39,7.12,8.32,-0.55,5.12,8.86,0.53,4.04,7.13,-1.24,4.36,8.51,-0.10,3.73,7.68,-1.06,7.79,5.77,-2.84,6.79,5.86,-2.85,8.34,5.15,-2.34,6.83,4.66,-3.17,5.15,4.67,-3.81,6.13,4.01,-6.33,1.62,5.49,-5.54,1.06,6.56,-2.13,5.73
2011.01,9.93,-2.08,0.78,8.44,-4.19,0.52,8.61,-4.54,0.19,7.07,-5.20,0.69,6.91,-4.20,0.89,8.51,-4.07,1.33,6.30,-5.25,2.05,7.24,-3.70,3.00,7.19,-2.55,4.64,6.40,-2.93,6.25,5.24,-4.04,4.94,5.33,-4.94,2.87,5.11,-4.80,2.27,7.02,-4.41,2.05
2011.02,1.97,-6.86,1.17,1.32,-8.04,1.20,1.83,-8.09,0.92,-0.10,-8.44,1.07,-0.17,-8.27,0.93,0.80,-9.06,2.07,-1.05,-10.10,1.56,-0.12,-9.36,2.30,-0.16,-7.68,2.19,-0.59,-8.43,0.79,-0.04,-8.83,1.79,-1.77,-10.58,0.87,-0.94,-9.25,0.51,-0.02,-8.91,1.50
2011.03,6.06,-1.68,1.77,5.18,-3.94,2.25,5.18,-2.90,2.42,4.22,-3.96,2.25,4.20,-3.38,2.36,5.26,-3.74,1.76,4.46,-3.90,2.04,4.99,-3.48,1.46,5.12,-2.65,0.88,5.20,-5.85,0.78,5.07,-2.92,1.58,5.43,-4.15,1.16,5.91,-2.86,1.15,4.83,-3.65,1.86
2011.04,9.19,-0.32,1.94,7.31,-2.09,2.27,8.07,-1.46,2.32,5.90,-3.41,2.47,6.44,-3.25,2.60,8.13,-2.89,2.70,6.38,-3.41,2.58,7.63,-2.80,2.66,6.98,-2.00,2.42,7.23,-2.30,2.23,6.65,-2.71,3.59,5.15,-3.28,2.71,6.94,-3.53,2.92,6.82,-2.92,2.67
2011.05,10.18,0.06,4.25,9.07,-0.86,4.24,9.16,0.10,3.70,8.86,-1.75,3.63,7.78,-1.68,3.63,9.83,-0.75,3.74,9.59,-1.60,2.13,9.67,-1.38,3.85,9.31,-0.43,4.03,11.34,-0.71,1.77,9.69,-0.54,2.74,10.66,-1.43,1.82,11.76,-2.24,1.33,9.46,-1.20,3.27
2011.06,4.37,-5.87,1.77,2.87,-7.76,2.08,3.30,-7.86,2.43,2.73,-8.52,1.94,3.27,-8.01,1.83,5.69,-7.11,1.05,4.51,-7.16,1.29,5.85,-5.71,0.68,5.56,-5.05,0.31,6.76,-4.60,0.52,5.42,-5.11,0.69,5.05,-6.02,0.48,5.59,-5.64,0.38,4.43,-6.95,1.29
2011.07,19.91,7.17,0.06,18.63,5.71,0.08,19.36,6.64,0.04,16.95,2.49,0.31,16.86,2.66,0.19,17.90,3.08,0.08,16.13,0.55,0.42,16.72,2.32,0.08,16.09,3.94,0.01,17.06,-0.71,0.21,14.68,0.39,0.77,14.72,-2.47,1.28,16.91,-1.51,0.36,16.75,2.10,0.34
2011.08,18.12,5.58,6.01,16.08,3.47,9.05,16.39,3.72,6.52,15.01,2.68,11.76,15.09,2.90,9.59,17.19,3.81,7.37,15.46,1.71,10.63,17.42,3.82,4.16,16.85,4.78,1.96,17.23,3.49,6.03,14.95,2.11,7.03,14.76,0.44,8.00,16.64,1.94,7.13,15.88,2.83,8.49
2011.09,20.59,5.72,6.15,19.15,4.34,8.73,20.20,5.21,5.81,18.72,3.62,8.31,18.67,4.41,7.59,19.69,3.87,4.73,16.57,3.52,8.44,18.37,4.23,4.70,18.16,5.57,4.45,18.73,4.59,12.68,15.81,3.39,9.56,15.68,1.05,10.20,16.59,2.07,7.44,18.07,3.74,7.61
2011.10,12.54,2.76,6.39,12.01,1.81,8.08,12.54,1.09,7.35,11.36,1.90,8.84,12.00,2.69,7.85,12.19,1.96,10.52,9.87,1.61,12.06,11.22,1.60,18.34,10.24,1.96,23.91,11.13,2.07,16.60,10.43,1.23,16.20,9.78,1.15,11.18,12.35,1.96,13.69,11.18,1.76,11.87
2011.11,19.56,7.65,2.03,18.46,6.21,1.90,19.41,7.01,1.66,18.69,6.23,1.82,18.05,6.57,1.57,19.99,6.18,2.02,17.23,4.87,2.59,20.08,5.46,2.10,19.18,7.16,2.35,19.29,4.44,1.28,16.82,4.83,1.67,16.07,2.23,1.80,18.65,3.49,1.20,18.44,5.58,1.94
2011.12,22.15,10.36,2.00,21.24,8.35,1.17,21.56,8.36,0.92,20.33,6.80,1.10,20.30,7.34,1.03,20.52,6.37,2.28,17.64,5.86,2.16,19.32,7.33,1.83,19.55,7.85,4.24,19.93,7.86,1.10,17.43,6.51,2.30,13.65,5.18,4.21,18.57,8.02,4.60,19.24,6.85,1.93
2011.13,12.80,4.52,3.59,12.05,3.69,4.66,12.67,4.12,3.82,10.98,2.37,5.26,11.43,2.82,6.05,11.91,2.17,6.35,9.60,1.27,6.24,11.24,2.94,7.85,10.55,3.25,8.81,11.36,2.46,4.97,10.51,1.70,5.54,10.13,1.32,5.03,12.02,2.54,5.66,11.04,2.34,5.85
2011.14,24.81,10.67,3.73,23.67,9.08,4.65,24.79,9.83,2.94,23.30,7.04,5.71,23.40,7.29,5.83,23.93,7.29,6.77,22.05,6.12,8.10,22.18,6.09,7.59,21.64,7.69,7.40,22.00,5.47,6.50,20.26,5.02,8.91,19.75,2.37,7.71,22.01,4.16,7.71,22.54,6.58,6.79
2011.15,26.14,12.69,6.17,25.04,10.96,8.58,25.10,11.18,7.37,24.15,9.75,10.68,23.24,9.67,10.24,24.02,9.66,8.97,23.54,8.58,12.66,23.42,9.21,13.94,22.83,10.97,13.84,23.90,9.77,13.29,20.63,7.68,14.90,21.63,7.17,8.79,22.75,7.78,5.22,23.42,9.30,11.16
2011.16,23.64,12.19,4.30,22.40,10.36,4.33,23.41,10.98,2.78,22.16,9.22,2.21,23.63,10.28,1.90,23.51,10.07,4.51,22.27,9.15,2.41,23.16,10.17,2.69,22.77,11.43,3.61,23.17,9.30,1.78,21.29,9.05,2.07,21.09,8.19,1.44,23.50,9.51,1.11,22.50,9.64,2.76
2011.17,26.37,13.54,29.34,25.05,12.27,23.79,25.82,13.06,26.94,24.17,12.13,18.87,24.12,12.06,12.14,24.67,12.61,18.54,24.23,11.81,14.32,24.34,12.50,13.98,24.54,12.87,10.02,28.13,12.77,13.78,22.62,10.95,11.90,23.88,9.92,4.84,25.59,10.98,7.54,24.30,11.99,15.95
2011.18,21.34,9.79,20.30,20.61,8.80,18.05,20.94,9.17,19.96,20.04,7.27,11.06,20.80,7.82,10.45,21.54,7.88,7.08,20.47,7.24,6.95,21.36,7.78,3.99,21.30,9.43,3.34,20.00,6.10,4.51,19.06,6.42,6.38,20.23,6.12,3.41,21.06,6.82,3.40,20.50,7.48,8.66
2011.19,29.67,17.98,3.32,28.86,16.36,4.64,28.81,17.23,4.19,27.56,14.54,3.38,28.44,15.56,3.29,27.85,14.31,3.29,27.69,13.80,1.84,27.63,14.33,1.52,27.51,15.71,1.53,28.50,15.03,0.59,25.30,12.72,1.77,24.68,11.53,4.54,27.65,13.66,4.71,27.41,14.33,2.87
2011.20,22.34,11.44,0.56,20.75,10.10,0.62,22.12,10.71,0.29,18.56,9.46,0.56,20.12,10.71,0.46,19.80,9.30,0.69,17.77,9.51,2.08,18.69,9.59,0.84,18.80,9.57,0.11,18.81,11.41,0.70,16.34,8.99,1.52,16.63,9.08,3.66,18.37,10.21,2.74,18.66,9.61,1.11
2011.21,28.31,17.09,5.12,27.16,16.40,6.28,27.67,16.15,5.95,26.86,15.02,6.04,27.63,15.59,6.59,28.04,15.80,4.66,27.83,14.97,5.39,28.10,15.69,3.44,28.17,16.56,1.86,28.43,16.36,1.88,25.56,14.12,4.46,26.57,13.96,5.13,28.58,14.96,6.13,27.29,15.28,5.10
2011.22,34.15,21.89,0.00,33.28,20.05,0.00,34.05,21.04,0.00,32.07,18.17,0.00,33.14,19.18,0.02,32.94,18.46,0.00,31.79,17.33,0.00,32.22,18.33,0.00,32.33,19.80,0.00,32.84,18.17,0.01,28.90,16.29,0.00,29.36,14.95,0.01,32.52,17.00,0.01,31.88,18.05,0.00
2011.23,35.41,21.87,0.62,34.73,20.38,0.14,34.87,20.96,0.26,33.84,19.13,1.25,33.88,19.81,0.67,33.53,18.62,0.21,32.30,18.18,2.24,32.71,17.92,1.31,32.79,19.60,1.38,34.10,18.54,0.63,29.28,15.99,1.93,29.91,15.30,1.50,32.89,17.31,0.58,32.78,18.40,1.16
2011.24,33.51,20.28,8.52,31.81,18.87,7.64,31.98,18.33,10.97,29.86,17.50,4.69,29.58,18.19,4.65,31.16,17.37,4.53,27.25,16.13,6.50,29.01,16.82,7.28,29.26,17.70,7.28,0.00,0.00,6.05,25.21,14.36,5.62,26.22,12.92,3.29,28.54,15.08,2.86,28.44,16.42,5.66
2011.25,31.98,23.17,2.25,30.27,21.04,5.11,30.94,20.92,2.49,29.29,19.28,6.73,29.56,19.72,4.34,30.05,19.84,9.53,28.27,18.46,14.23,29.42,18.59,9.91,29.55,19.05,6.91,0.00,0.00,17.72,25.41,16.22,14.77,25.61,16.44,11.00,27.83,18.41,7.35,28.15,18.50,9.47
2011.26,33.06,22.35,1.86,30.76,19.46,5.69,31.42,19.65,7.10,29.25,16.93,5.81,29.46,17.33,5.78,30.12,17.23,7.76,28.58,16.62,4.44,29.09,17.27,2.61,29.02,18.04,2.02,31.15,15.00,0.87,26.56,15.47,1.71,27.50,15.39,1.98,30.36,16.68,1.20,29.12,17.05,4.56
2011.27,33.50,22.82,5.01,32.24,21.05,4.29,32.94,20.81,6.94,31.72,20.19,3.22,32.04,20.44,2.76,31.23,19.91,5.66,30.78,19.18,3.15,30.21,19.53,3.29,30.56,20.51,2.93,32.16,20.26,2.86,27.95,17.23,3.91,28.89,17.51,4.42,31.86,19.37,1.72,30.84,19.57,3.84
2011.28,35.63,24.65,1.32,34.40,23.29,1.87,34.71,23.61,0.92,33.80,22.16,1.78,34.42,22.99,0.95,33.10,21.94,2.16,31.49,20.95,5.47,31.99,21.29,4.76,31.27,21.51,7.70,32.95,21.67,7.90,27.95,18.45,10.96,28.11,18.56,3.16,30.80,20.49,2.43,32.19,21.38,4.02
2011.29,34.57,23.75,2.01,33.50,22.38,0.31,33.61,22.42,0.65,33.38,21.57,2.00,33.52,22.14,2.70,32.38,20.89,3.67,31.40,20.79,3.24,31.44,20.63,1.82,31.00,21.27,1.59,0.00,0.00,1.81,27.98,18.93,2.41,27.72,18.80,4.35,31.11,20.89,6.75,31.07,20.49,2.49
2011.30,34.64,24.20,2.43,33.87,22.94,1.69,33.76,23.03,2.72,34.06,22.22,0.76,34.32,22.64,1.28,32.83,21.90,0.92,32.48,20.83,0.47,32.53,21.06,0.74,32.30,21.95,0.79,0.00,0.00,2.97,29.14,18.95,4.51,29.84,18.49,3.56,32.72,20.88,2.09,31.93,20.91,1.59
2011.31,36.43,24.52,3.49,34.85,22.59,2.61,35.17,22.27,0.85,34.13,21.68,3.62,34.01,22.33,3.87,33.28,20.82,5.72,32.37,20.17,2.33,32.83,20.69,2.72,32.60,21.96,1.13,32.20,22.50,1.67,29.44,18.22,4.73,30.54,18.02,1.52,33.21,20.48,0.61,32.89,20.81,3.44
2011.32,34.12,22.93,2.63,32.54,21.17,1.81,33.03,20.86,3.07,32.07,19.98,2.73,32.34,20.48,1.63,31.63,20.02,1.81,29.57,18.57,1.32,31.48,19.44,1.18,32.00,20.59,0.09,32.33,19.90,1.74,28.16,17.46,1.38,28.93,17.56,2.77,31.71,19.41,2.72,31.07,19.50,1.88
2011.33,31.45,20.07,2.98,31.03,18.50,0.21,31.70,17.49,0.18,31.56,17.25,0.72,31.63,17.83,0.65,31.11,17.26,0.50,30.15,16.19,0.71,31.80,17.28,0.28,32.05,18.49,0.01,31.20,18.01,3.55,27.36,15.41,2.37,27.58,15.29,5.15,29.60,17.30,5.26,30.54,17.01,1.18
2011.34,33.11,22.09,2.89,34.00,20.30,0.16,34.76,19.79,0.04,33.90,18.91,2.15,33.66,19.35,3.21,33.71,18.83,0.17,32.54,17.53,0.96,33.91,18.27,0.24,34.39,19.60,0.26,32.93,18.67,0.01,28.68,15.78,0.67,28.81,14.93,1.13,31.06,17.19,0.35,32.72,18.24,1.06
2011.35,34.69,20.72,0.04,34.78,18.54,0.10,35.59,18.06,0.00,34.36,17.61,0.06,34.07,18.37,0.03,34.18,16.87,0.01,32.79,16.25,0.20,33.49,17.16,0.30,32.62,18.81,0.99,32.70,16.81,0.00,28.93,14.95,0.17,28.83,14.17,0.38,31.50,16.19,0.00,32.99,16.94,0.15
2011.36,27.09,14.29,0.95,26.42,13.36,3.26,26.31,12.58,0.96,23.52,14.43,16.14,22.88,14.09,16.46,23.52,13.78,17.16,22.27,14.56,20.62,22.97,14.15,24.50,22.72,15.00,37.49,25.17,15.96,26.10,21.39,13.71,25.28,23.38,14.57,10.55,26.04,16.51,11.26,23.38,14.18,17.62
2011.37,29.10,15.38,0.19,28.11,13.45,2.73,29.49,13.49,1.71,26.65,13.01,3.04,26.96,13.48,2.48,26.40,12.42,1.80,25.48,11.99,1.09,26.35,12.67,0.84,25.40,14.05,0.59,26.21,13.33,0.45,22.59,11.14,0.95,23.62,10.31,0.38,25.67,12.30,0.75,25.93,12.51,1.71
2011.38,26.50,16.23,7.06,25.30,15.24,8.91,25.99,15.31,10.43,24.66,14.50,4.28,25.18,14.85,4.33,24.66,14.23,7.49,23.89,13.73,5.39,23.61,13.84,3.91,23.71,14.23,3.65,25.40,15.30,1.25,21.86,13.22,3.26,23.46,13.42,3.09,25.64,14.45,2.49,24.18,14.21,5.07
2011.39,27.25,12.66,3.18,26.06,11.17,3.35,26.26,10.06,2.63,24.45,10.64,2.76,24.96,10.92,2.25,25.57,9.91,0.77,23.58,10.06,1.31,23.88,10.71,1.95,23.56,12.27,1.05,25.47,12.11,1.37,21.35,9.92,2.60,23.28,10.48,0.85,24.96,12.73,0.96,24.24,10.55,2.01
2011.40,26.29,9.08,0.00,25.36,7.50,0.00,25.98,6.66,0.00,24.12,6.69,0.00,24.55,7.15,0.00,24.25,6.04,0.00,22.54,5.82,0.00,22.86,6.43,0.00,22.16,8.76,0.00,22.21,6.91,0.00,20.29,5.58,0.00,19.99,4.81,0.36,23.44,6.16,0.08,23.20,6.39,0.02
2011.41,25.72,13.21,1.44,25.66,11.16,0.74,25.79,10.04,0.47,23.76,10.72,0.86,23.78,11.52,0.41,22.96,10.82,3.44,22.23,10.45,4.08,21.32,11.77,4.28,20.47,12.53,4.79,23.50,10.54,4.97,19.33,10.02,4.89,20.26,9.17,4.84,21.91,10.99,3.61,22.57,10.79,2.89
2011.42,21.24,6.91,1.38,19.87,5.68,1.47,20.32,5.31,1.49,19.58,5.73,1.43,20.41,5.75,1.04,20.16,5.25,1.94,18.86,4.90,4.25,19.71,5.78,4.25,19.21,7.17,3.62,19.93,7.23,8.12,17.78,5.30,9.35,18.40,4.49,3.32,19.83,5.79,2.72,19.41,5.51,3.41
2011.43,20.68,6.83,2.04,20.71,4.91,2.66,21.24,4.71,1.42,19.90,4.44,2.56,19.91,4.84,2.58,19.81,3.91,2.60,18.68,3.98,3.23,18.75,4.61,3.32,18.61,6.09,2.66,22.07,4.37,5.13,16.65,4.22,6.88,17.67,2.50,3.97,18.42,4.09,3.84,19.18,4.32,3.39
2011.44,18.32,4.22,1.32,17.62,2.75,1.57,18.17,1.86,1.25,17.00,1.81,2.08,18.07,2.04,2.18,17.26,1.52,2.05,15.91,1.14,2.50,15.68,1.59,2.33,14.89,2.53,2.04,23.90,-0.43,3.35,13.91,0.80,4.65,14.40,-1.03,4.53,15.78,0.36,5.47,16.47,1.46,2.62
2011.45,19.90,6.49,0.37,19.31,4.03,0.29,19.77,3.98,0.34,18.39,2.14,0.19,18.43,2.99,0.08,18.26,2.40,0.21,17.42,2.23,0.24,16.63,2.34,0.40,15.82,3.53,0.75,17.87,0.39,0.38,15.12,1.40,0.81,15.51,-0.44,0.35,16.90,0.27,0.22,17.54,2.25,0.33
2011.46,18.45,7.95,6.70,17.71,6.41,10.32,18.65,6.98,9.30,16.42,5.52,7.51,18.00,7.02,6.86,18.58,6.26,5.26,16.47,5.47,6.16,16.61,6.09,6.22,15.95,6.54,6.79,17.37,6.36,7.70,14.86,4.20,8.47,15.41,2.55,5.69,16.79,2.74,6.79,16.78,5.58,7.08
2011.47,18.07,9.87,11.54,17.32,8.60,8.60,18.01,9.48,11.74,16.27,6.97,7.13,17.52,7.63,5.88,17.94,7.50,6.12,17.12,6.59,6.15,17.26,6.29,6.37,16.43,7.15,4.13,17.46,4.21,5.00,15.62,5.02,7.13,16.33,2.49,4.20,17.79,4.09,2.92,16.90,6.60,6.65
2011.48,11.59,0.54,7.62,10.75,-0.69,9.72,10.90,-0.50,11.09,11.65,0.02,9.19,11.22,0.32,8.38,11.45,-0.10,9.55,11.69,0.89,14.81,11.40,1.39,18.69,10.72,1.96,20.01,13.71,1.97,10.87,11.35,1.07,12.77,12.14,0.39,2.24,14.30,0.99,1.60,11.54,0.46,11.15
2011.49,9.22,0.62,21.75,9.65,0.12,15.87,9.07,0.12,15.35,10.94,0.54,8.79,10.77,1.38,6.95,11.32,1.02,8.27,11.39,1.51,7.14,12.07,1.94,8.70,12.00,3.45,10.71,13.59,1.04,8.25,11.37,1.24,9.69,12.53,0.96,8.95,13.76,1.67,8.24,11.25,1.09,9.44
2011.50,13.12,1.86,2.97,12.00,-0.22,2.95,12.53,-0.36,3.78,11.01,-0.64,2.65,11.17,0.37,2.26,12.28,0.37,3.79,11.57,0.55,3.20,12.35,2.30,4.61,11.76,3.03,3.86,12.54,2.20,2.31,11.07,1.43,3.70,12.13,0.04,2.34,13.13,1.31,2.16,11.69,0.56,3.23
2011.51,12.22,3.36,5.07,11.37,2.09,6.02,12.31,2.86,6.56,11.40,1.70,4.68,11.58,2.21,3.72,11.86,1.60,7.11,11.56,1.57,7.03,12.46,2.24,5.76,11.83,3.22,6.85,12.40,1.91,3.44,11.28,1.88,7.73,11.58,0.10,3.48,12.15,1.75,4.08,11.67,1.80,5.85
2011.52,12.42,1.16,3.43,11.75,-0.26,2.82,12.38,0.01,2.92,10.55,-0.63,3.68,10.95,-0.03,3.67,10.86,-1.05,5.09,10.17,-1.15,4.89,10.22,-0.73,4.35,9.76,0.15,4.31,10.31,-0.57,3.29,9.35,-0.75,4.43,7.09,-2.35,1.19,10.16,-1.71,1.54,10.32,-0.77,3.95
2012.01,13.47,-0.14,0.00,12.43,-2.13,0.29,12.79,-1.99,0.36,11.20,-3.01,0.23,11.55,-2.23,0.07,11.75,-3.00,0.49,9.67,-4.05,0.75,10.17,-3.65,0.60,10.20,-2.03,0.53,10.14,-3.09,0.67,8.56,-4.04,1.07,7.65,-5.69,0.99,8.49,-5.04,0.59,10.56,-3.31,0.53
2012.02,10.81,3.43,2.37,10.18,1.79,4.03,10.59,2.41,2.97,10.61,0.25,6.59,10.28,0.04,7.76,10.46,2.30,7.94,9.78,0.71,7.74,9.92,2.93,8.31,9.60,2.44,8.27,10.40,3.17,6.98,8.71,0.97,6.92,9.08,0.75,6.39,8.19,-0.11,5.81,9.98,1.30,6.90
2012.03,15.16,0.19,0.58,13.90,-0.63,1.79,14.53,-0.40,2.07,11.50,-1.76,3.61,11.64,-1.12,4.04,12.66,-0.43,5.01,10.36,-1.62,5.00,10.37,-0.99,4.97,9.55,-0.57,5.76,9.44,-2.46,4.30,8.43,-1.83,5.74,7.59,-3.08,7.00,8.73,-1.71,5.58,10.99,-1.36,4.47
2012.04,14.32,2.08,5.01,13.20,1.15,7.38,14.16,1.04,6.26,12.81,1.14,7.27,12.66,1.53,6.40,14.75,2.21,7.25,13.96,1.31,6.39,14.35,2.78,11.00,14.04,3.52,12.22,14.76,3.03,8.72,13.07,2.05,8.70,13.91,1.63,4.97,15.06,2.06,4.77,13.65,1.77,7.59
2012.05,17.12,5.21,4.09,16.51,3.37,2.64,17.34,4.29,2.38,15.58,1.53,2.39,15.83,2.26,3.47,15.91,1.51,2.55,14.23,0.62,4.18,14.29,1.91,2.12,13.63,3.00,3.05,14.30,0.46,3.17,12.45,0.78,4.08,12.15,-2.15,3.51,12.81,-1.43,3.22,14.78,1.42,3.04
2012.06,10.02,0.97,0.67,9.50,-0.14,0.90,8.78,-0.67,0.94,8.72,-0.52,1.47,8.62,-0.14,1.23,9.07,-0.58,2.06,8.24,-0.55,1.89,10.26,-0.19,1.60,10.75,0.90,1.14,11.03,0.79,1.95,8.47,-0.45,2.27,8.55,-1.34,2.07,8.66,-0.79,1.65,9.00,-0.41,1.68
2012.07,8.80,0.28,2.70,7.94,-1.19,2.15,9.04,-0.51,2.26,8.07,-2.11,1.73,8.61,-1.29,1.77,9.66,-1.71,1.97,8.13,-2.04,1.74,9.52,-1.02,2.26,8.90,-0.77,1.53,8.56,-1.41,2.33,8.47,-1.34,2.12,8.14,-2.36,2.52,9.84,-0.35,1.57,8.61,-1.60,1.98
2012.08,16.15,3.88,3.06,15.27,2.08,2.32,15.80,0.91,2.68,14.06,0.63,2.59,14.97,0.45,3.00,15.58,0.66,3.76,14.19,0.61,4.99,15.28,2.04,4.17,15.75,3.80,3.64,15.71,1.90,5.40,13.33,0.88,6.22,13.67,-0.03,7.59,14.59,0.88,5.69,14.60,1.04,4.09
2012.09,21.63,4.36,0.31,20.84,3.25,1.46,21.28,2.93,0.86,19.51,1.47,3.52,20.89,2.04,3.38,19.89,2.55,3.90,18.55,1.98,5.79,18.47,3.84,5.03,18.20,5.55,4.34,18.66,2.40,4.12,16.77,2.82,7.36,15.96,0.68,5.62,17.47,2.14,4.70,18.98,2.42,4.39
2012.10,18.94,5.42,6.01,17.11,3.25,7.22,18.00,3.66,6.14,15.52,1.62,7.11,15.76,1.96,5.79,16.96,1.98,5.57,14.59,1.16,6.46,13.70,1.45,5.67,14.65,3.28,5.61,15.06,1.27,4.70,13.23,0.65,7.37,12.77,0.09,2.50,14.44,1.11,2.38,15.17,1.66,6.18
2012.11,24.72,13.85,8.56,24.08,11.85,5.29,24.89,11.24,4.30,23.57,9.89,3.59,24.16,10.24,3.44,23.69,10.28,2.00,22.66,8.26,2.57,20.84,9.00,3.78,22.68,11.16,2.99,22.93,6.99,2.91,20.71,7.79,5.14,20.17,5.20,1.38,22.94,7.90,0.88,22.70,9.33,3.49
2012.12,25.43,14.21,2.51,25.64,14.16,3.10,25.64,14.71,3.84,26.30,13.32,2.38,26.11,12.71,2.02,25.92,13.13,1.81,26.36,12.29,4.20,23.19,11.95,4.21,24.82,14.21,2.39,26.59,11.99,7.10,23.26,11.15,6.13,23.83,10.14,3.34,26.08,12.03,2.21,25.28,12.61,3.40
2012.13,26.62,13.08,0.62,25.50,11.32,0.44,26.26,11.82,0.00,24.50,10.01,0.59,25.33,10.52,0.52,25.15,10.02,0.89,24.01,8.98,0.72,21.54,9.43,1.68,23.22,11.99,2.76,23.81,10.70,2.80,21.38,8.96,1.67,20.98,6.93,3.61,23.06,9.13,2.24,23.76,9.78,1.16
2012.14,26.08,13.67,2.57,26.15,12.06,1.67,26.43,12.26,0.74,25.66,10.85,3.45,26.46,11.43,6.34,25.84,10.26,1.88,25.14,9.87,2.50,23.03,9.85,1.35,25.32,12.70,3.27,24.76,11.20,12.09,22.37,8.90,5.68,21.57,7.25,6.45,23.54,9.56,7.00,24.75,10.32,3.50
2012.15,22.89,7.14,0.07,21.21,4.51,0.02,22.06,5.20,0.00,19.92,2.38,0.00,21.69,3.37,0.13,20.87,2.97,0.00,19.38,1.49,0.00,18.54,2.87,0.00,20.18,5.56,0.00,19.91,2.84,0.00,17.75,2.03,0.00,17.40,0.39,0.00,19.39,2.41,0.00,19.71,2.69,0.01
2012.16,23.64,10.62,2.25,23.37,9.57,3.77,23.36,9.29,2.50,22.73,9.81,3.29,22.55,9.99,3.65,22.42,10.17,3.20,22.85,10.11,1.36,20.08,10.27,1.71,21.24,12.20,1.41,23.41,11.19,0.85,20.34,9.40,1.95,22.21,8.93,4.65,23.54,10.35,3.00,22.14,9.94,2.70
2012.17,24.02,11.78,0.29,21.88,8.87,0.57,22.97,10.04,0.85,20.18,7.66,1.31,20.73,8.25,1.14,20.71,8.56,0.18,19.31,7.68,2.13,18.32,8.16,0.75,20.25,9.69,0.09,19.77,8.33,2.87,17.72,7.01,3.22,16.84,6.10,4.76,18.73,8.04,3.84,19.70,7.98,1.56
2012.18,30.62,19.43,0.08,29.52,17.79,1.13,30.39,18.69,0.23,28.99,16.18,1.09,29.52,16.29,0.76,28.88,15.42,1.02,28.85,14.79,0.94,26.09,13.73,0.47,28.60,16.82,0.05,29.27,15.64,1.13,26.10,13.66,1.70,26.47,12.82,0.64,28.57,14.66,0.28,28.25,15.34,0.96
2012.19,27.14,16.03,9.33,26.63,14.07,3.40,26.78,14.64,1.28,26.21,12.69,2.59,26.12,13.07,2.09,26.09,12.72,2.68,25.20,11.60,1.83,23.26,11.11,1.57,25.37,13.67,1.07,25.31,13.33,1.26,19.83,9.81,2.31,22.05,10.53,3.10,24.24,11.99,2.27,24.71,12.16,2.46
2012.20,28.09,15.50,0.51,26.72,14.20,1.77,27.66,13.96,1.94,25.46,13.88,8.41,25.72,14.34,10.57,26.05,13.81,7.38,24.42,12.54,4.88,22.55,12.01,7.13,24.00,14.05,7.63,25.16,14.20,9.00,21.96,11.82,6.34,22.93,12.14,5.49,25.63,11.86,4.06,24.68,13.21,6.56
2012.21,30.38,16.77,1.07,29.78,15.05,0.92,30.31,15.12,1.17,29.20,14.21,1.29,29.64,14.48,0.96,29.16,13.94,1.98,27.81,14.62,2.62,24.70,13.34,2.91,26.90,15.98,2.80,27.94,15.94,2.43,24.33,13.39,2.67,25.02,12.46,2.23,27.88,14.00,1.80,27.70,14.14,1.97
2012.22,31.34,17.67,7.91,30.79,16.04,3.88,30.79,15.84,1.70,29.95,15.28,2.82,30.38,15.89,2.35,29.93,15.29,2.07,29.25,15.08,1.50,26.11,14.07,2.99,27.82,16.14,3.68,30.57,16.43,3.03,25.97,14.12,4.21,27.22,13.91,4.19,29.93,15.51,3.27,28.89,15.10,2.97
2012.23,29.42,17.37,6.22,28.10,15.15,6.86,28.94,15.05,6.74,27.64,12.98,1.08,28.15,13.57,0.33,27.95,13.39,4.18,26.65,11.82,1.59,24.34,12.49,2.10,26.32,14.91,1.87,26.76,13.73,1.47,23.35,11.29,1.24,23.79,10.93,0.43,26.42,11.79,0.20,26.51,12.87,2.29
2012.24,30.51,18.69,2.45,29.86,17.36,2.33,30.52,17.54,3.02,29.62,16.32,2.39,30.00,16.98,3.46,29.35,16.65,2.78,28.25,16.17,2.54,25.05,15.74,5.09,26.85,17.65,7.01,29.14,18.34,1.55,22.93,13.97,1.67,26.31,14.98,2.14,29.59,16.62,1.33,27.90,16.18,2.80
2012.25,32.97,20.39,0.05,32.15,18.86,0.00,32.66,18.97,0.00,32.53,17.98,0.26,32.99,18.49,0.04,32.50,17.36,0.01,31.20,16.94,0.69,27.99,15.78,0.67,30.10,18.60,0.00,31.73,18.80,0.67,27.54,16.07,1.19,28.85,16.26,1.59,31.77,18.01,0.86,30.96,17.38,0.48
2012.26,36.02,20.10,0.00,35.92,18.16,0.00,36.51,17.56,0.00,36.25,16.89,0.00,36.55,17.64,0.00,36.92,16.78,0.00,34.98,15.68,0.00,32.01,15.68,0.00,34.37,20.00,0.00,34.36,16.90,0.00,30.50,14.57,0.01,30.54,13.52,0.00,34.34,15.71,0.00,34.57,16.38,0.00
2012.27,37.30,24.04,0.31,38.02,22.54,0.77,38.24,21.80,0.10,38.54,21.63,1.30,38.73,21.92,0.35,37.83,20.95,1.81,37.30,19.82,1.42,32.56,18.12,2.52,35.13,21.43,2.01,36.33,20.39,5.24,32.18,17.72,4.08,32.12,17.22,6.70,35.07,19.44,4.91,36.26,20.27,2.17
2012.28,30.19,22.65,4.45,30.92,21.60,6.83,30.91,21.68,8.14,30.14,20.57,11.81,30.74,21.53,13.97,31.00,20.91,7.57,30.31,20.75,11.31,26.97,18.78,14.97,29.06,21.00,13.34,30.43,21.70,9.94,26.72,18.28,10.39,27.03,18.22,11.02,28.93,20.00,12.60,29.41,20.25,10.83
2012.29,34.66,23.70,2.35,33.09,22.09,3.96,33.41,22.09,6.38,31.53,20.17,13.15,33.23,21.38,18.48,32.55,20.75,13.83,31.52,20.31,10.50,28.25,18.20,9.71,30.55,20.24,13.58,30.87,20.90,10.53,24.94,16.46,7.67,28.10,17.98,6.66,30.64,20.34,6.64,30.57,19.81,10.66
2012.30,34.95,24.02,1.39,34.24,22.46,0.54,34.01,22.61,0.57,33.46,22.10,0.46,33.70,22.72,0.22,32.74,21.51,1.11,32.27,21.28,0.46,28.92,19.18,1.66,31.43,21.75,1.27,32.30,22.13,0.73,29.03,19.12,0.93,28.90,18.35,8.21,31.68,20.40,9.14,31.92,21.09,1.32
2012.31,35.53,23.25,2.28,34.64,21.30,2.73,34.36,21.80,4.93,33.40,20.81,1.98,33.63,21.30,1.67,33.05,19.81,2.30,31.70,19.24,4.85,28.39,17.31,6.28,30.82,19.96,4.79,32.16,19.60,2.58,28.11,16.85,4.60,28.45,16.57,5.41,30.85,18.37,5.87,31.70,19.41,3.59
2012.32,34.78,22.45,0.91,33.80,20.82,1.16,33.93,20.91,0.60,31.24,19.98,6.44,31.47,20.62,4.84,31.12,20.31,5.56,29.35,19.40,10.65,26.87,18.13,9.22,28.98,20.20,9.71,31.03,20.50,9.06,26.57,17.19,8.48,27.24,17.49,8.25,29.42,19.36,3.22,29.95,19.44,6.90
2012.33,31.76,18.88,4.64,30.45,17.78,4.95,31.16,18.25,7.78,28.02,16.18,6.47,29.58,16.49,6.78,28.76,16.71,7.79,27.14,15.53,2.84,25.30,14.62,3.15,27.59,17.20,2.36,28.26,16.11,6.28,24.79,14.32,1.87,24.99,14.07,3.86,27.61,15.92,1.54,27.53,15.90,4.85
2012.34,31.72,17.81,0.13,29.77,15.25,0.02,31.07,15.95,0.02,29.90,14.99,0.01,30.52,15.37,0.03,29.67,14.94,0.12,28.41,13.47,0.05,25.91,13.12,0.68,27.84,16.27,0.69,28.80,15.40,0.99,25.50,12.98,0.51,25.63,13.26,0.77,28.77,14.79,1.54,28.45,14.38,0.27
2012.35,32.74,22.51,3.49,32.53,21.09,1.64,32.92,21.48,0.45,31.85,19.82,1.23,31.82,20.54,1.84,31.66,19.66,0.83,30.80,18.39,0.51,27.77,17.30,0.41,29.26,20.41,0.02,31.81,19.21,0.07,25.52,15.21,0.77,28.88,15.48,0.27,31.89,17.46,0.31,30.32,18.72,0.92
2012.36,34.33,21.79,15.45,32.54,20.06,10.78,32.78,20.00,20.52,30.24,20.53,10.84,30.34,20.57,10.74,30.27,19.85,7.29,29.21,19.97,8.11,20.66,14.12,7.14,27.97,19.96,7.08,30.75,20.95,4.04,23.99,15.89,5.63,27.66,17.87,7.90,29.52,19.09,8.84,28.39,18.89,8.76
2012.37,28.75,16.47,0.87,27.94,14.12,0.62,27.91,14.65,0.28,27.22,13.00,0.48,28.03,13.72,0.23,27.34,12.62,0.24,26.27,12.33,0.61,23.53,11.72,0.88,25.53,14.32,0.68,27.47,14.43,1.28,21.35,10.82,1.13,24.02,10.96,1.44,26.46,12.69,0.39,25.91,12.61,0.66
2012.38,25.93,14.65,6.16,25.25,13.01,3.93,26.14,12.76,3.20,24.51,12.07,7.30,25.24,12.51,7.52,25.28,11.96,13.98,23.60,11.99,15.11,22.50,11.48,17.43,24.31,14.25,18.12,25.31,14.53,21.02,19.90,10.64,17.55,21.79,11.51,13.64,23.87,13.19,11.27,23.72,12.04,12.20
2012.39,28.26,15.37,0.00,26.69,12.56,1.02,27.06,13.50,0.14,25.41,11.05,0.43,25.70,11.39,0.24,26.09,10.72,0.26,24.40,10.17,0.08,22.98,9.67,0.64,24.97,12.47,0.26,26.51,11.11,0.21,20.14,8.38,0.50,22.10,7.84,2.76,23.43,9.84,1.80,24.46,10.51,0.56
2012.40,23.82,11.71,7.99,23.27,10.78,7.53,22.77,10.76,7.00,22.73,10.55,8.24,23.14,10.57,7.76,22.99,10.78,7.47,22.81,10.58,7.58,20.31,10.61,5.60,21.80,12.57,8.28,24.04,13.41,2.70,18.87,10.18,2.99,20.73,11.55,5.42,24.09,12.71,4.86,22.03,10.78,6.70
2012.41,18.95,9.09,1.57,17.24,6.48,3.85,17.85,7.01,4.28,17.08,5.20,3.49,17.87,5.62,4.33,17.92,6.08,6.73,16.21,4.52,2.94,15.09,5.58,4.12,16.14,7.82,2.98,16.43,6.83,1.84,13.33,5.00,2.04,12.12,3.84,1.63,16.19,5.69,1.47,16.19,5.50,3.65
2012.42,23.93,11.14,5.70,23.32,9.30,5.05,23.69,9.12,6.09,22.09,8.45,3.04,21.77,8.47,2.34,22.16,8.44,4.03,20.70,7.25,3.31,18.64,6.75,4.95,20.45,9.12,6.92,21.81,8.26,3.32,16.78,5.70,3.09,16.10,4.13,2.48,21.02,7.26,1.90,20.63,7.65,3.69
2012.43,23.90,10.32,1.63,23.79,9.21,1.48,24.16,9.94,1.14,23.44,8.26,0.63,24.47,8.92,0.54,23.69,7.69,0.15,23.58,7.14,0.18,21.21,7.27,0.04,23.12,9.90,0.19,23.81,7.86,0.00,19.14,6.45,0.01,17.22,4.29,0.00,24.04,7.38,0.00,22.48,7.68,0.39
2012.44,17.73,3.47,0.21,16.34,1.43,0.04,17.29,1.97,0.10,14.44,1.00,0.06,15.34,1.61,0.04,15.65,1.00,0.05,12.34,0.76,0.28,12.71,1.98,0.20,13.83,3.16,0.03,11.99,3.57,1.40,9.45,2.09,2.19,10.73,2.23,3.02,10.48,3.05,2.39,13.53,1.53,0.59
2012.45,16.69,4.14,1.30,16.40,2.61,1.06,16.59,2.41,1.13,14.73,1.28,1.68,15.62,1.25,1.57,15.47,1.51,1.45,14.39,0.81,1.80,13.42,1.71,2.53,14.55,3.20,2.56,14.67,0.86,1.44,11.16,0.79,1.30,11.21,-0.43,0.81,12.89,0.64,0.40,14.23,1.34,1.59
2012.46,15.48,1.96,5.79,15.02,0.59,4.89,15.36,0.31,3.65,14.81,-0.16,3.73,15.97,-0.31,3.48,15.33,-0.51,3.55,14.77,-0.63,3.82,13.98,0.49,2.97,14.89,2.70,2.62,16.59,-0.30,1.64,12.51,-0.15,1.69,15.26,-0.93,1.44,15.60,-0.48,1.35,14.68,-0.09,3.27
2012.47,19.02,2.74,0.73,18.67,1.26,0.37,18.46,0.71,0.45,17.53,0.65,0.23,17.52,1.67,0.36,17.67,0.61,0.10,17.06,-0.02,0.13,15.81,1.13,0.05,16.93,3.15,0.00,17.36,0.16,0.01,13.44,0.56,0.04,14.90,-1.52,0.02,15.24,-0.64,0.00,16.74,0.66,0.16
2012.48,13.82,0.50,1.50,12.49,-1.56,1.43,13.41,-1.71,0.88,12.11,-1.89,1.19,13.33,-1.97,0.92,13.46,-1.60,1.65,12.20,-1.79,1.42,11.81,-0.75,1.23,12.39,0.48,1.35,13.33,-1.66,1.07,9.94,-1.21,1.17,10.21,-4.05,0.73,12.49,-2.42,0.47,12.09,-1.63,1.26
2012.49,19.97,11.66,1.76,19.53,10.50,2.26,20.17,11.91,1.93,18.21,8.44,1.84,18.92,9.29,1.45,19.45,8.37,1.84,18.93,7.22,1.25,16.73,7.22,0.45,17.61,8.79,0.68,18.27,4.67,0.23,14.57,4.65,0.30,15.94,2.76,0.96,18.11,3.29,0.92,17.93,7.55,1.31
2012.50,13.74,1.61,5.79,12.79,0.43,7.87,13.66,0.97,6.15,12.08,0.47,8.88,13.29,0.15,6.75,13.70,0.72,7.39,12.65,0.34,7.35,12.11,1.82,4.11,12.30,3.20,4.32,14.21,2.23,4.70,10.43,1.48,5.03,11.79,0.93,3.13,12.51,1.08,4.22,12.40,0.90,6.60
2012.51,16.23,3.48,1.32,15.15,2.62,2.74,15.52,2.15,2.29,13.92,2.64,4.19,14.11,2.00,3.34,14.25,2.18,6.89,13.45,2.25,6.20,11.34,2.48,10.79,12.26,4.01,8.74,13.10,2.00,9.78,9.75,1.19,8.84,10.33,0.18,4.30,10.38,0.89,4.87,12.99,2.16,6.11
2012.52,8.13,-0.01,5.52,7.13,-0.51,6.45,6.46,-0.01,5.67,6.86,-0.31,7.60,7.63,-0.22,8.28,7.74,-0.15,11.50,7.18,-0.55,7.74,6.66,0.04,8.77,7.58,0.84,8.11,7.37,0.97,8.63,6.15,0.10,8.03,6.67,-1.30,6.58,7.60,0.46,5.62,7.02,-0.22,8.18
2013.01,5.65,-3.73,2.68,4.79,-4.94,2.05,5.49,-4.97,1.56,4.27,-4.62,1.76,4.87,-4.16,1.89,5.95,-3.86,3.73,4.62,-4.19,2.79,5.13,-2.49,4.29,6.25,-1.55,3.38,5.71,-2.46,4.33,4.51,-2.31,3.62,4.41,-3.39,2.33,4.84,-3.21,2.23,4.89,-3.73,2.84
2013.02,14.56,4.47,7.89,13.72,2.81,6.03,14.95,3.80,6.54,12.91,2.07,5.46,14.07,3.62,6.22,14.51,3.74,5.33,13.69,3.02,2.81,12.05,4.20,1.90,12.94,5.59,2.77,12.23,1.67,0.97,10.75,2.40,1.13,10.91,-0.02,0.54,13.17,2.54,0.68,12.94,2.88,3.85
2013.03,7.58,-1.78,12.69,7.29,-1.83,14.47,7.75,-1.80,11.80,8.02,-0.45,12.52,8.77,-1.07,15.02,8.34,0.08,13.53,8.45,0.59,12.17,8.80,1.87,20.43,10.52,3.06,21.45,10.89,1.81,28.25,8.58,1.79,24.42,11.63,2.51,24.48,10.68,1.43,24.34,8.60,0.41,16.58
2013.04,10.22,-1.49,0.39,8.19,-3.36,1.02,8.55,-3.34,1.79,5.96,-4.86,1.88,5.82,-4.33,1.57,8.06,-3.07,1.58,5.71,-5.39,2.56,6.27,-3.00,1.35,7.39,-1.94,0.73,6.57,-4.21,1.52,4.88,-3.90,1.58,4.16,-5.74,1.97,4.29,-5.21,1.32,6.34,-4.09,1.68
2013.05,15.29,3.05,10.46,13.59,1.32,7.77,14.11,1.64,8.30,11.08,-0.16,5.57,12.33,-0.37,5.64,12.47,0.33,5.77,10.28,-0.37,7.70,9.16,-0.42,9.95,10.11,-0.14,8.04,11.29,-2.07,10.72,8.32,-1.08,10.45,10.39,-2.46,8.33,10.51,-1.54,9.51,10.96,-0.25,7.62
2013.06,14.51,2.37,1.74,13.06,1.06,1.33,14.42,1.25,2.22,11.73,-0.76,0.94,12.86,-0.09,0.56,13.45,-0.11,0.86,10.84,-1.78,1.14,10.42,-0.75,0.94,10.81,0.37,0.69,10.54,-1.53,0.69,8.37,-1.10,1.11,6.54,-4.01,1.49,9.61,-2.45,1.03,11.20,-0.76,1.04
2013.07,12.49,2.23,3.60,11.97,0.91,3.81,11.91,1.04,3.26,11.45,0.12,3.41,11.32,0.24,3.93,11.51,0.90,3.43,10.97,0.16,3.18,10.18,0.67,2.87,10.50,1.43,3.73,12.61,1.11,2.40,9.05,0.13,2.56,10.96,-0.47,2.01,10.51,-0.08,2.64,10.99,0.43,3.18
2013.08,9.40,-0.27,7.03,8.69,-2.00,6.90,8.79,-1.57,6.44,9.21,-3.37,4.43,10.29,-2.50,4.12,10.22,-2.80,4.11,8.78,-3.49,3.04,8.28,-2.42,4.46,7.88,-1.61,6.49,10.10,-3.22,3.53,7.76,-2.44,3.71,7.24,-4.46,2.78,10.16,-1.94,2.27,8.92,-2.85,4.29
2013.09,9.21,1.21,2.37,8.73,0.35,2.33,8.62,0.75,2.27,8.69,-0.29,1.86,8.72,0.29,1.61,8.84,0.31,1.41,8.57,-0.77,1.29,7.96,0.63,2.72,8.20,0.90,3.66,10.79,1.11,2.42,7.48,-0.05,2.43,8.77,-0.47,1.13,8.56,0.68,1.20,8.51,0.05,1.93
2013.10,12.92,0.14,1.32,10.70,-1.56,2.06,12.39,-1.57,1.97,8.31,-2.24,3.27,10.06,-1.61,3.48,10.09,-2.58,2.68,6.94,-3.31,5.46,7.63,-2.28,3.47,8.42,-1.82,2.02,5.87,-2.94,6.22,5.23,-3.03,6.05,3.88,-4.03,8.18,7.09,-2.42,5.37,8.06,-2.49,4.02
2013.11,16.61,3.09,3.80,15.49,1.35,6.79,16.36,1.83,7.05,14.62,0.51,5.97,15.87,0.98,3.90,15.91,1.55,5.45,14.48,0.57,3.81,15.18,1.82,3.97,14.69,1.80,3.99,15.00,1.11,3.05,12.00,0.94,3.36,11.67,-0.86,2.78,14.46,1.67,2.79,14.57,1.00,4.68
2013.12,14.78,3.40,3.40,14.13,1.33,3.79,13.92,1.75,4.87,13.27,0.02,4.23,13.30,0.71,3.86,14.76,1.49,3.77,13.43,-0.49,4.57,10.91,1.90,4.28,13.38,2.70,4.01,15.16,1.29,4.08,10.88,0.49,4.72,10.84,-1.17,3.73,11.54,0.56,3.60,12.93,0.68,4.17
2013.13,12.60,2.24,2.21,10.94,0.80,2.33,11.19,0.66,1.87,9.52,0.32,3.86,10.67,0.99,3.37,11.63,0.14,3.08,9.38,-0.89,5.17,8.87,-0.45,4.86,9.19,-0.53,5.29,9.86,0.01,4.82,7.49,-0.96,5.11,8.03,-1.66,3.69,9.64,-0.56,3.39,9.66,-0.13,4.00
2013.14,14.95,5.48,3.35,14.00,3.91,3.43,14.55,4.36,2.87,13.30,2.96,3.04,14.17,3.63,2.55,15.10,4.24,5.30,13.67,2.10,4.05,13.42,3.04,7.38,14.94,4.11,7.74,14.74,3.11,6.26,11.84,1.91,5.94,12.49,0.59,6.33,14.30,2.36,6.54,13.62,2.98,4.73
2013.15,23.63,11.38,10.85,23.25,10.65,11.62,24.50,11.38,13.00,22.87,9.04,7.70,24.09,9.19,7.92,24.35,9.55,7.06,23.99,9.03,5.55,21.61,9.01,6.15,23.75,10.30,4.82,24.44,8.89,4.34,19.99,7.15,4.55,22.49,6.56,3.24,24.51,8.44,4.05,22.92,8.97,6.81
2013.16,24.68,11.52,7.42,24.00,10.69,6.46,24.56,10.73,6.82,23.07,9.36,4.89,24.84,10.40,4.62,23.84,9.56,5.48,23.34,9.33,5.32,20.89,9.04,8.32,22.02,10.13,8.71,23.43,9.79,5.38,19.31,7.57,5.54,21.58,8.03,5.25,23.10,8.29,5.42,22.64,9.30,5.79
2013.17,20.77,6.79,5.73,19.23,5.25,7.96,20.56,4.91,9.19,18.48,4.16,6.71,20.52,4.62,6.52,20.15,5.30,5.37,19.11,4.48,3.39,17.75,4.88,3.48,19.16,6.67,4.94,19.84,4.76,1.00,15.98,3.65,1.71,17.81,2.54,1.31,19.96,4.96,1.09,18.69,4.54,4.71
2013.18,22.37,10.56,10.12,23.00,9.88,11.46,23.07,9.39,9.78,22.87,9.59,14.93,22.72,10.65,13.08,22.49,10.43,11.30,21.93,10.38,12.27,18.88,9.93,13.94,19.95,11.27,10.39,21.81,10.96,10.01,17.56,8.97,9.46,19.35,9.12,3.42,21.51,10.35,2.96,21.30,9.92,11.76
2013.19,22.03,11.53,8.35,21.43,10.88,6.22,21.96,11.00,6.20,20.04,9.56,7.43,20.79,9.66,5.45,20.48,9.24,7.15,19.53,9.21,13.17,17.99,8.36,14.68,19.68,9.90,15.08,19.69,11.36,9.64,16.39,7.96,10.79,18.46,8.58,7.01,20.92,10.81,4.66,19.49,9.31,9.28
2013.20,25.95,14.11,0.67,24.81,12.29,2.92,25.79,12.22,2.49,23.86,10.14,2.10,24.85,10.94,1.91,24.47,10.29,2.81,23.18,8.98,1.81,21.68,8.81,2.54,24.50,11.53,3.01,24.11,9.91,1.65,19.36,7.73,1.89,20.72,6.89,1.95,24.00,9.12,4.38,23.11,9.72,2.25
2013.21,27.99,16.95,13.99,27.11,15.67,9.45,27.43,15.86,10.46,26.42,15.01,4.13,26.57,15.22,2.81,26.85,15.07,1.93,25.54,13.26,5.67,23.39,12.37,6.52,25.22,14.55,8.18,25.63,14.69,4.19,21.24,11.19,5.50,23.66,12.14,10.79,26.24,13.54,10.13,25.31,13.96,5.61
2013.22,29.92,18.51,6.91,28.87,16.85,5.37,29.50,16.69,7.74,28.46,16.52,0.72,29.43,16.91,0.37,28.80,16.66,0.22,27.75,15.48,0.22,25.10,14.61,0.01,27.15,16.22,0.05,28.05,14.08,0.15,23.23,11.86,0.42,25.45,11.93,0.06,28.97,13.40,0.15,27.33,15.36,0.97
2013.23,28.45,17.87,1.61,27.06,16.45,4.95,27.44,16.34,5.63,26.08,15.58,3.65,26.89,16.46,4.92,26.75,15.75,6.88,26.37,15.55,5.76,24.21,14.96,10.98,27.29,18.17,7.09,28.19,17.44,10.09,22.14,13.42,12.14,24.88,15.04,7.58,26.90,16.44,5.45,25.72,15.52,6.85
2013.24,32.90,20.65,0.51,31.00,18.65,3.89,31.83,18.54,4.16,28.97,17.20,6.14,30.11,18.09,5.69,29.91,17.85,4.88,28.52,16.69,4.98,26.00,16.05,6.17,29.25,19.10,5.58,29.04,18.24,5.97,23.35,13.80,6.61,25.46,14.19,6.17,28.33,15.57,5.14,28.17,16.81,5.51
2013.25,31.28,20.57,6.92,30.70,19.41,4.30,31.05,19.50,3.92,29.45,18.00,4.04,30.19,18.55,4.38,29.49,17.77,7.17,28.49,17.03,5.92,25.46,15.62,7.97,28.58,19.20,5.13,27.32,18.27,7.90,22.75,13.83,7.83,25.29,14.84,6.17,28.05,16.68,7.76,27.96,17.12,5.98
2013.26,33.17,22.44,3.86,32.60,21.14,1.94,33.25,21.58,0.61,30.86,19.61,1.49,32.29,20.12,1.60,31.14,19.18,1.76,28.98,18.06,2.52,26.83,17.56,2.34,30.24,20.76,1.49,30.20,18.70,7.13,23.52,15.08,6.11,26.54,16.17,4.93,29.48,17.93,5.55,29.33,18.60,2.74
2013.27,29.10,18.38,1.68,27.71,17.25,2.87,28.09,17.54,2.89,26.32,16.74,15.25,26.45,17.55,15.05,26.44,17.27,16.17,26.12,17.32,17.87,23.11,16.21,13.33,25.21,19.12,14.72,27.24,18.83,7.19,21.59,14.75,9.05,25.53,16.04,10.78,28.76,18.26,11.24,25.55,16.79,12.84
2013.28,32.85,21.55,0.00,31.58,20.02,2.18,32.28,20.28,0.99,29.61,18.51,4.52,30.63,19.20,6.49,30.50,19.08,5.23,28.72,18.31,8.85,25.41,17.41,16.14,28.26,20.29,18.41,28.59,19.51,12.99,23.22,15.65,11.66,27.93,18.31,3.87,28.64,18.84,2.00,28.54,18.39,7.55
2013.29,32.72,21.89,5.16,31.74,20.72,3.23,32.36,20.62,3.59,31.12,20.18,0.84,32.16,21.10,1.95,31.60,20.13,1.10,30.85,19.30,2.13,27.64,18.12,2.63,30.63,21.35,2.42,31.83,20.31,1.37,25.38,15.98,1.46,27.45,17.21,5.24,31.55,19.36,9.28,30.02,19.30,2.08
2013.30,30.58,20.50,10.14,29.82,19.04,7.98,30.01,19.08,9.53,28.65,18.32,5.80,29.99,19.15,5.27,29.02,18.95,4.33,28.16,18.19,3.73,25.69,16.48,4.15,28.59,20.16,1.84,29.74,19.91,4.11,23.26,15.27,5.82,26.41,16.45,7.25,29.04,18.72,3.25,27.78,17.95,5.36
2013.31,30.35,20.70,1.71,28.49,18.18,3.75,28.93,18.57,3.06,27.08,16.06,3.16,27.99,17.01,4.11,28.44,16.69,3.99,26.94,15.83,3.30,24.88,15.25,3.36,27.86,18.47,2.53,27.63,16.81,1.73,22.14,13.51,1.58,24.71,14.43,2.70,27.21,16.74,2.12,26.55,16.05,3.12
2013.32,31.48,23.06,3.51,29.66,21.47,6.40,30.52,21.95,3.72,28.24,20.05,8.83,28.43,20.40,11.47,28.61,19.96,6.76,27.33,18.79,9.05,25.70,17.37,4.77,28.65,20.74,3.95,29.67,19.70,1.46,23.54,15.53,4.36,26.25,16.99,3.85,29.11,19.01,5.95,27.47,19.06,6.77
2013.33,29.32,19.38,5.61,27.93,18.00,5.67,28.81,18.23,2.70,27.72,17.55,5.45,27.88,18.61,2.78,27.62,17.66,3.61,26.95,17.05,2.78,24.20,16.64,6.85,26.55,19.29,10.99,29.37,19.35,5.51,22.21,14.56,4.13,24.93,14.79,7.59,26.70,16.35,7.93,26.45,17.08,4.94
2013.34,31.33,20.50,0.72,30.13,19.01,1.21,31.56,19.11,1.01,29.12,19.08,1.74,29.60,20.03,2.85,28.88,18.64,2.80,27.38,18.31,4.87,19.49,13.51,5.48,26.95,19.61,6.35,28.55,19.82,4.49,22.31,14.96,5.22,25.01,15.98,3.58,28.34,18.36,1.76,26.84,17.71,3.39
2013.35,33.34,21.22,0.03,32.27,19.88,0.00,33.49,19.94,0.07,31.91,19.21,0.02,32.56,20.11,0.01,31.36,18.26,0.25,30.07,17.84,0.36,21.55,12.96,0.94,29.92,20.39,1.84,30.40,18.74,0.11,24.32,14.58,0.49,26.57,14.87,0.25,30.15,17.61,0.54,29.23,17.54,0.32
2013.36,32.77,20.24,0.24,30.58,17.77,4.80,30.97,17.46,2.99,29.86,17.09,2.73,30.05,17.85,2.93,29.74,17.14,1.78,28.91,16.52,3.30,26.88,15.31,1.64,29.29,19.61,2.17,29.99,17.64,5.39,23.66,13.87,5.01,26.13,13.98,3.28,28.72,16.14,2.23,28.53,16.47,3.03
2013.37,33.20,20.32,2.07,31.70,18.59,1.45,32.32,18.35,3.17,30.61,17.71,3.21,30.45,18.25,5.60,30.54,17.13,1.95,29.51,16.47,1.00,26.36,15.11,0.62,29.69,19.61,0.20,30.17,17.23,2.78,23.44,13.53,2.48,26.31,13.90,1.97,28.91,16.15,1.71,28.96,16.62,2.19
2013.38,29.89,16.74,8.32,28.47,15.72,8.66,29.42,15.84,8.42,27.64,14.86,6.97,27.65,15.45,6.34,28.27,14.37,7.51,26.60,13.92,4.92,24.60,13.00,3.58,27.30,16.63,1.77,27.07,15.59,0.71,20.87,11.93,1.58,22.55,12.05,0.88,24.98,14.13,1.55,26.22,14.14,5.23
2013.39,27.63,16.14,2.12,26.07,13.73,1.43,27.34,13.37,0.32,25.53,12.08,1.95,25.87,13.06,1.82,25.75,12.36,1.87,24.23,11.52,3.02,21.36,11.49,6.37,23.50,14.56,7.74,24.37,13.34,10.23,19.56,10.27,7.36,21.59,9.45,3.78,24.52,11.62,2.46,24.02,11.97,3.57
2013.40,27.58,18.90,1.06,25.90,17.65,2.88,26.69,18.39,2.85,26.38,16.20,0.97,27.19,17.01,0.70,26.86,15.46,0.49,26.27,14.14,0.13,23.35,12.63,0.06,27.47,16.02,0.08,26.19,14.60,0.00,20.91,11.25,0.12,23.02,10.65,0.00,26.51,12.54,0.01,25.29,14.68,0.65
2013.41,24.91,11.87,2.76,24.30,10.35,4.73,25.04,10.30,7.52,24.58,10.46,3.94,24.58,10.93,3.90,24.67,10.82,3.38,23.36,9.20,3.94,22.13,9.55,2.29,26.59,13.26,0.59,24.63,10.37,0.92,19.75,8.56,1.53,21.61,7.16,1.99,23.81,9.40,1.50,23.43,9.92,3.20
2013.42,22.83,12.12,4.68,22.48,10.97,3.51,22.60,10.86,2.28,22.18,10.96,1.92,22.46,11.86,1.33,21.86,11.26,2.62,21.22,10.47,1.66,19.49,9.65,1.24,23.44,12.45,0.78,22.93,12.69,1.39,17.54,9.30,1.24,20.51,9.89,1.11,21.11,11.55,0.88,21.14,10.68,1.88
2013.43,17.62,4.52,0.18,16.16,2.45,0.37,17.04,1.80,0.36,14.84,1.38,0.66,14.87,1.92,0.64,15.89,1.18,0.09,13.71,0.59,0.39,13.63,1.14,0.02,15.91,3.77,0.00,16.03,2.54,0.01,11.91,1.29,0.07,13.94,1.00,0.16,14.45,0.78,0.12,14.54,1.44,0.30
2013.44,21.45,10.37,5.25,20.64,9.25,4.52,21.31,9.32,5.93,19.69,8.32,2.99,20.43,10.25,2.62,20.47,8.62,2.30,19.19,7.88,1.71,17.27,7.53,1.50,19.39,10.29,1.75,20.63,8.70,1.97,16.32,7.40,1.67,18.59,6.99,1.20,20.66,9.18,1.56,19.19,8.33,2.42
2013.45,17.61,5.08,0.99,16.94,3.48,1.33,17.43,2.62,0.75,16.82,2.45,1.74,17.34,2.83,1.69,17.34,2.38,2.06,16.73,2.19,2.19,14.62,2.48,1.84,15.88,5.01,1.40,17.14,2.87,1.55,13.48,2.10,1.67,15.32,1.16,0.83,15.79,0.93,0.81,16.18,2.50,1.70
2013.46,15.28,1.69,0.17,14.46,0.20,0.19,15.71,-0.40,0.31,13.45,-1.34,0.55,13.91,-0.78,0.55,14.28,-1.18,0.51,12.69,-1.66,0.46,12.04,-0.69,0.60,13.01,2.00,0.78,12.21,-1.19,0.43,10.61,-1.31,0.60,11.99,-4.82,0.85,13.34,-2.46,0.71,13.02,-1.19,0.53
2013.47,17.72,5.55,6.73,17.23,4.51,6.47,17.01,3.38,5.40,16.39,3.68,6.31,16.41,4.26,5.33,15.96,3.90,3.63,15.70,3.71,3.87,13.84,4.47,3.93,15.24,6.47,2.88,16.57,4.39,4.18,12.60,3.03,3.83,14.90,1.54,2.63,15.56,3.42,2.52,15.48,3.80,4.62
2013.48,6.48,-3.88,1.02,5.34,-5.40,1.26,6.06,-5.47,0.79,4.89,-5.98,2.04,5.72,-5.45,2.59,6.14,-5.55,4.74,5.46,-5.83,5.90,5.36,-4.52,9.46,6.06,-3.68,11.16,5.39,-4.29,8.56,4.28,-3.99,9.04,2.85,-4.90,8.52,5.69,-5.59,9.32,5.18,-5.22,5.33
2013.49,14.27,4.10,5.32,14.27,4.27,5.58,14.54,4.62,6.64,14.06,4.46,10.20,14.72,4.18,12.11,14.53,4.05,8.77,13.99,3.97,8.78,12.63,4.42,5.68,15.60,6.03,5.28,14.45,3.90,6.51,11.71,3.55,6.95,15.08,3.27,4.58,14.74,2.99,4.91,13.84,4.13,7.95
2013.50,4.54,-4.15,5.23,3.69,-5.64,5.31,4.49,-5.17,4.74,4.03,-5.06,4.79,5.08,-4.69,5.64,5.92,-4.61,5.86,5.57,-4.34,6.21,6.41,-2.69,8.80,7.34,-1.28,8.51,6.38,-2.02,8.01,6.00,-1.94,8.14,4.70,-2.25,5.35,7.31,-1.92,5.51,5.25,-3.92,6.27
2013.51,13.96,3.32,2.30,12.60,1.43,2.34,13.81,2.14,1.89,11.30,0.48,0.76,12.87,1.11,0.40,13.22,0.57,0.82,11.57,-0.36,0.95,10.65,-0.09,1.84,12.76,0.64,1.95,9.88,-3.12,1.56,9.51,-0.41,1.54,9.90,-3.53,1.60,12.36,-1.16,1.31,11.53,0.08,1.26
2013.52,10.33,-1.55,5.32,9.89,-2.96,6.18,9.47,-3.63,2.91,8.95,-2.87,4.77,9.03,-2.55,4.82,9.98,-2.65,6.39,9.20,-2.34,6.78,9.01,-1.90,9.06,10.24,-0.41,8.23,12.62,1.38,7.27,7.73,-1.25,7.87,9.88,-3.22,7.33,9.41,-2.79,7.49,9.26,-2.32,6.52
2014.01,7.34,-4.21,1.32,5.96,-5.50,2.00,6.83,-5.96,1.84,5.59,-6.00,3.50,6.05,-6.13,4.43,6.77,-5.71,3.60,5.27,-5.97,4.89,4.86,-4.17,5.97,6.00,-3.40,5.82,5.93,-5.10,7.22,4.29,-4.19,6.38,4.52,-5.21,4.19,5.41,-4.54,4.91,5.54,-5.33,4.37
2014.02,5.68,-5.78,7.82,4.43,-7.23,6.09,5.24,-6.62,6.40,4.15,-8.14,5.01,5.07,-7.02,5.06,5.59,-7.76,5.38,4.24,-9.08,5.59,4.45,-7.18,6.50,5.22,-5.53,5.94,4.53,-7.70,4.70,4.40,-7.23,5.54,5.04,-9.47,2.97,7.71,-7.29,2.97,4.68,-7.78,5.40
2014.03,11.03,-2.14,2.94,9.63,-3.13,2.80,10.70,-3.73,3.80,8.68,-3.65,3.09,9.25,-2.91,3.99,9.42,-3.50,2.92,8.41,-3.80,3.38,7.71,-2.97,2.96,9.18,-2.00,2.69,10.26,-2.61,3.08,6.95,-2.57,2.87,7.69,-3.68,3.11,6.91,-3.61,2.21,8.58,-3.27,3.08
2014.04,6.63,-6.63,0.00,5.06,-8.14,0.04,6.28,-7.73,0.00,3.72,-8.75,0.03,4.66,-8.25,0.02,4.80,-9.25,0.03,2.22,-10.75,0.19,3.50,-8.75,0.24,4.81,-8.51,0.01,4.27,-8.74,0.01,2.45,-8.38,0.15,1.95,-10.28,0.29,2.25,-10.55,0.17,3.67,-9.00,0.10
2014.05,7.90,-5.94,0.00,5.67,-8.22,0.04,7.37,-7.48,0.00,3.95,-9.98,0.00,5.33,-9.24,0.00,5.45,-9.77,0.02,3.41,-11.32,0.06,3.48,-9.53,0.29,5.54,-7.90,0.32,3.19,-12.13,0.35,3.53,-9.04,0.90,2.73,-12.35,0.63,4.50,-11.77,0.66,4.29,-9.81,0.21
2014.06,2.54,-3.89,16.94,2.32,-4.52,15.44,2.59,-3.91,17.02,2.91,-4.09,14.18,3.51,-3.37,14.25,5.44,-2.59,12.29,6.21,-2.35,9.63,6.08,-1.47,10.84,7.26,-0.49,11.41,8.89,-0.54,9.42,6.49,-1.24,9.16,7.89,-2.48,5.56,7.37,-1.82,5.49,5.01,-2.73,11.79
2014.07,4.54,-4.78,0.84,3.68,-6.49,1.44,4.50,-5.86,1.69,4.48,-6.30,1.66,5.43,-5.40,1.56,5.70,-4.56,3.01,5.36,-4.98,2.03,5.32,-2.52,3.23,7.47,-1.03,4.81,6.81,-1.66,2.44,4.39,-2.48,3.09,3.68,-3.81,2.93,4.71,-4.07,2.77,4.91,-4.54,2.38
2014.08,18.33,2.54,0.37,15.83,1.38,2.28,17.80,1.74,1.18,14.10,-0.25,4.40,15.55,0.94,3.42,16.81,0.87,4.91,14.84,-0.03,7.27,14.68,1.49,6.68,16.46,3.74,5.59,16.89,0.57,6.30,13.17,0.89,6.36,13.34,-0.63,4.87,17.34,0.23,3.58,14.99,0.64,5.07
2014.09,12.26,-1.51,0.41,10.95,-3.30,0.17,11.60,-2.88,0.17,9.33,-4.78,0.05,10.83,-3.65,0.03,11.92,-4.09,0.19,9.88,-4.85,0.05,10.80,-2.68,0.05,12.96,-0.42,0.02,11.99,-2.60,0.01,8.99,-2.86,0.02,9.16,-4.11,0.01,10.40,-3.52,0.00,10.33,-3.75,0.08
2014.10,8.56,-3.34,11.21,6.78,-4.20,9.56,7.79,-4.14,10.84,7.60,-4.03,8.45,8.83,-4.04,9.06,11.25,-2.49,6.73,10.16,-2.81,7.05,11.78,-0.23,2.83,13.77,1.54,1.69,12.07,0.41,4.65,10.56,-0.07,4.74,11.66,-1.29,3.73,13.52,-1.20,3.84,9.83,-2.35,6.60
2014.11,17.62,3.06,0.03,17.52,1.62,0.07,19.35,2.23,0.00,17.28,0.51,0.15,18.47,1.88,0.22,18.72,1.12,0.14,17.27,0.29,0.29,15.95,1.38,0.20,18.85,4.15,0.07,17.46,1.17,0.56,14.58,0.57,0.51,14.55,-1.54,0.46,17.20,-0.79,0.35,17.01,0.88,0.24
2014.12,17.17,2.27,2.73,15.94,1.21,3.21,17.14,0.71,3.34,14.22,0.41,2.40,15.30,1.88,2.39,15.08,1.28,2.75,13.72,0.86,2.94,12.46,2.57,3.76,14.56,4.85,5.38,14.76,2.37,2.12,12.02,2.26,2.58,14.90,0.79,1.36,15.84,2.20,1.70,14.19,1.43,2.77
2014.13,16.27,3.26,10.56,14.38,1.04,5.88,15.52,1.33,6.32,12.50,-0.25,3.38,13.54,1.13,3.47,14.52,-0.01,2.81,12.84,-0.74,2.70,12.04,0.50,3.03,13.45,2.44,2.39,14.53,0.33,2.10,10.53,-0.58,2.09,12.04,-1.51,1.12,12.58,0.19,1.39,12.90,0.04,3.19
2014.14,22.22,8.69,3.63,21.09,7.25,3.61,23.13,7.75,3.12,20.43,5.78,6.09,21.63,7.77,6.06,22.34,6.35,2.92,21.48,5.63,9.20,19.82,5.38,2.90,21.63,7.71,2.13,22.32,6.12,6.94,17.74,4.26,5.72,19.65,3.00,4.21,21.32,5.54,3.67,20.67,5.81,5.13
2014.15,18.98,7.46,2.99,19.02,6.06,2.72,20.99,6.25,1.80,18.84,4.66,2.57,20.48,5.75,2.44,19.97,4.81,5.05,19.23,4.51,3.73,17.59,5.07,7.78,19.33,7.83,8.74,20.98,5.58,4.45,16.28,4.68,4.61,17.87,3.49,3.27,21.23,5.87,2.98,18.77,5.00,4.12
2014.16,20.60,7.43,5.04,20.16,6.25,5.29,21.24,5.48,3.94,19.52,5.08,2.92,20.85,6.65,2.37,20.10,5.80,3.43,19.65,4.83,2.46,17.30,5.41,2.30,18.60,7.78,1.80,19.29,4.46,1.39,16.03,4.65,1.77,18.62,4.22,1.91,20.99,5.61,1.15,19.06,5.37,2.80
2014.17,26.27,10.12,2.92,25.38,8.92,1.46,26.83,8.14,1.50,23.61,6.45,1.79,25.31,7.90,1.86,24.83,7.12,2.06,23.88,6.32,2.47,21.66,6.59,1.25,23.73,10.68,1.01,23.03,6.19,0.64,18.79,5.32,1.45,20.53,4.82,1.47,23.62,6.39,2.12,23.16,6.78,1.75
2014.18,22.22,10.25,9.52,21.46,9.12,8.63,21.91,9.03,6.19,22.12,9.02,11.51,22.76,9.90,15.05,23.44,8.76,11.56,23.06,9.01,11.79,21.30,9.12,12.07,23.76,12.75,9.32,25.31,11.67,6.79,19.78,8.41,5.98,22.51,9.05,2.96,24.20,10.96,1.61,22.18,9.16,10.04
2014.19,28.76,16.24,1.37,28.35,15.38,1.48,29.27,15.90,1.32,27.34,12.97,1.11,28.86,13.94,0.32,28.21,12.62,0.45,27.73,11.86,0.43,25.05,11.46,0.48,27.43,15.46,0.32,27.84,12.31,0.34,22.95,10.00,0.44,25.66,9.55,0.12,28.73,11.36,0.39,26.88,12.43,0.67
2014.20,24.98,13.78,8.66,24.95,13.87,6.69,24.56,13.95,10.56,23.81,12.68,7.61,24.84,13.69,7.35,24.18,12.88,6.19,24.23,11.70,5.01,21.51,11.04,5.60,23.89,13.72,4.29,25.80,12.54,3.48,19.71,9.60,5.92,23.25,10.25,7.75,25.36,12.15,6.09,23.37,12.09,6.46
2014.21,27.24,16.14,2.46,26.47,14.78,0.71,28.07,15.39,0.39,24.94,12.55,0.12,26.70,13.69,0.01,26.26,13.50,0.99,25.15,11.49,0.66,22.68,11.54,1.20,24.81,14.77,2.21,25.00,12.23,0.55,20.57,9.30,1.14,22.09,8.32,1.47,25.64,9.69,1.64,24.53,12.16,0.79
2014.22,29.21,19.72,6.14,29.22,18.82,3.04,29.91,19.47,3.23,28.03,16.61,2.22,29.51,17.67,1.94,29.46,17.27,2.31,28.22,15.84,2.97,25.79,14.86,3.37,28.37,18.41,2.54,28.72,15.00,2.53,23.06,12.76,2.84,25.75,12.59,2.66,29.01,15.05,2.16,27.53,16.04,2.71
2014.23,31.01,21.25,3.69,29.25,20.05,11.46,30.40,20.41,13.69,27.41,18.28,6.45,28.98,19.96,3.17,28.58,18.38,13.25,27.39,17.72,3.66,24.93,15.74,2.69,28.24,18.85,1.90,29.51,17.16,0.79,22.79,13.84,1.44,25.59,13.99,1.14,28.62,15.92,0.77,27.05,17.44,5.71
2014.24,28.67,18.28,14.77,27.03,17.38,12.98,27.75,17.45,14.74,25.37,16.05,8.28,26.37,17.38,7.11,26.68,16.69,10.24,26.22,16.28,6.80,24.22,15.07,7.99,27.03,17.58,10.59,28.74,15.96,5.70,22.09,13.33,6.60,26.47,15.05,3.46,28.71,17.61,5.15,25.63,15.97,8.34
2014.25,32.77,21.86,0.01,31.87,20.25,0.09,32.85,20.78,0.56,30.53,18.36,0.58,32.58,19.14,1.01,31.59,18.62,0.83,30.78,17.58,1.17,27.95,16.39,2.01,31.26,20.92,1.40,31.90,18.41,2.13,25.38,14.78,1.95,28.78,15.49,2.06,32.11,17.69,3.02,30.06,17.82,1.15
2014.26,30.82,21.58,4.37,30.20,20.61,4.64,30.82,21.01,4.25,29.64,19.46,2.68,31.18,20.64,3.40,30.01,19.66,2.81,29.67,18.87,4.27,26.83,17.23,4.17,30.09,20.51,5.22,31.74,19.13,3.24,24.39,15.27,3.82,27.42,17.21,2.34,30.52,19.56,4.35,28.85,18.77,3.52
2014.27,30.39,19.63,25.43,28.80,18.17,7.62,29.57,18.31,9.05,28.25,17.00,2.51,29.97,18.08,1.92,29.32,17.51,3.34,28.27,17.30,3.86,25.90,16.34,9.20,29.06,19.73,8.14,30.09,18.73,2.15,23.62,14.57,3.64,27.06,15.78,3.27,29.56,17.80,1.36,27.78,17.00,4.71
2014.28,31.35,20.70,4.39,30.37,18.05,5.24,31.29,18.60,2.61,29.94,17.25,0.77,31.51,18.34,0.24,30.39,17.56,3.77,29.63,17.35,2.28,27.06,16.12,2.20,30.09,20.09,1.83,30.47,18.41,5.79,24.36,14.29,3.82,27.67,14.67,2.85,30.84,17.78,2.67,29.03,16.98,2.60
2014.29,28.33,19.09,4.03,27.77,17.58,7.45,27.92,17.59,6.93,27.21,15.83,6.48,28.30,17.39,5.40,27.67,16.33,7.77,27.53,15.89,6.37,25.03,14.86,5.68,27.54,18.33,7.93,28.57,17.61,7.12,22.46,13.51,7.42,25.75,14.41,7.00,27.27,16.86,9.60,26.58,15.85,6.76
2014.30,30.31,19.31,1.60,29.16,17.68,1.09,30.45,17.65,1.14,28.89,17.30,1.08,30.33,18.71,0.34,29.25,17.91,2.18,28.33,17.49,5.14,25.74,16.58,4.87,28.48,19.93,2.20,28.89,19.21,6.37,23.31,14.95,5.01,25.95,15.78,3.88,29.21,17.54,1.64,27.82,17.21,2.92
2014.31,30.11,19.80,0.02,29.34,17.26,0.07,30.18,17.61,0.00,28.57,15.05,1.02,29.93,16.18,1.09,28.70,15.78,0.40,27.59,14.92,2.22,25.19,14.33,2.76,27.58,18.21,2.07,28.49,16.67,7.26,22.38,12.59,5.91,24.16,12.98,3.79,26.91,15.53,5.74,27.22,15.11,2.14
2014.32,32.97,21.33,1.52,31.74,19.12,6.47,31.84,19.11,14.08,31.09,17.47,2.18,32.52,18.92,3.05,31.63,17.52,2.42,30.03,16.74,2.84,26.96,15.56,3.86,29.84,19.73,4.19,29.91,18.31,2.54,23.68,14.32,4.09,26.52,14.22,3.00,28.73,16.36,2.28,29.50,16.96,3.37
2014.33,31.24,19.55,0.52,29.79,17.74,1.76,30.60,17.47,0.64,29.02,16.41,3.52,30.24,17.78,4.81,29.53,16.32,2.18,28.07,16.27,7.08,25.74,15.21,4.96,28.69,18.53,2.63,28.59,17.30,4.90,22.55,13.56,4.78,25.33,14.61,3.13,27.01,16.38,3.45,27.76,16.11,3.92
2014.34,33.82,23.20,0.43,30.63,20.55,5.91,32.71,21.90,12.51,30.25,19.88,5.30,31.69,21.27,4.65,31.27,19.84,6.75,29.63,19.28,4.51,27.40,17.46,7.67,31.08,20.94,5.39,29.91,18.89,6.32,24.15,15.42,4.96,26.79,16.46,4.60,29.36,19.53,7.88,29.28,19.01,5.68
2014.35,34.55,22.98,0.77,31.71,20.33,0.85,33.27,21.49,1.64,31.06,19.86,3.34,32.71,21.33,2.55,31.63,19.37,2.61,30.71,19.10,2.03,27.84,16.75,1.65,30.54,20.66,1.96,31.50,18.41,0.07,25.25,15.08,0.67,28.17,14.40,0.41,30.83,16.74,0.22,30.11,18.61,1.94
2014.36,32.44,22.61,4.99,31.15,21.05,5.73,31.70,21.00,9.83,29.77,20.06,8.79,31.45,21.33,9.89,30.26,20.08,6.82,29.78,19.75,12.02,27.08,18.13,6.68,29.93,21.11,8.72,30.73,20.50,4.88,24.42,16.11,6.99,20.44,12.36,3.84,30.59,19.69,3.72,28.67,19.13,7.81
2014.37,29.06,18.68,20.46,27.89,17.27,6.84,27.71,17.64,9.23,26.18,17.05,0.72,27.03,17.84,1.10,27.97,18.93,1.17,27.25,18.59,1.72,25.97,17.83,2.17,28.82,20.35,2.57,29.13,19.37,2.16,22.91,15.21,3.75,19.19,11.98,4.51,27.93,18.17,3.03,26.15,17.32,2.75
2014.38,26.10,16.35,0.00,23.96,13.36,0.64,25.35,14.16,1.13,23.16,11.64,0.08,24.31,13.16,0.04,24.39,12.72,0.26,23.85,13.04,0.15,23.46,13.42,0.31,26.18,16.54,1.54,25.79,14.84,0.10,20.58,11.82,0.45,22.72,12.01,0.34,24.75,14.21,0.04,23.47,12.76,0.29
2014.39,28.73,14.75,0.00,27.94,12.16,0.03,28.41,12.11,0.00,26.53,10.54,0.07,27.54,12.18,0.00,27.41,11.60,0.17,25.55,10.60,0.55,23.69,11.14,0.43,25.80,14.99,0.37,26.50,12.56,1.27,20.80,9.57,0.42,23.41,9.15,0.99,25.76,11.34,1.67,25.55,11.04,0.32
2014.40,29.30,15.06,4.00,28.43,13.63,3.20,28.14,13.31,2.02,27.41,11.82,2.01,28.69,13.23,1.87,27.85,12.36,2.81,26.65,11.78,2.59,23.37,11.67,2.88,25.12,15.16,2.61,26.49,12.93,1.52,20.62,9.95,1.66,23.66,9.82,1.10,24.44,11.34,1.16,25.98,11.93,2.31
2014.41,26.48,14.85,3.05,25.04,12.77,5.07,25.83,13.96,3.44,22.97,10.28,11.97,23.80,11.41,12.11,24.18,11.56,7.16,21.92,10.23,15.01,20.86,10.24,8.84,24.16,13.64,7.05,22.88,8.90,10.48,17.13,8.13,9.09,19.03,7.37,9.10,21.07,9.36,11.90,22.16,10.46,9.84
2014.42,22.87,12.61,6.65,21.31,11.28,7.80,22.43,11.70,8.40,19.53,11.19,13.39,20.94,11.84,11.61,21.24,11.75,17.01,20.22,11.48,12.67,18.61,10.94,12.91,20.44,12.97,14.05,22.47,13.09,15.58,16.75,9.57,12.54,19.23,10.56,9.76,20.75,12.11,7.12,19.82,11.21,12.69
2014.43,22.01,7.40,0.00,20.79,5.46,0.00,21.95,4.88,0.00,18.51,4.09,0.00,19.62,5.16,0.01,20.20,4.35,0.02,18.47,4.22,0.00,17.54,4.55,0.01,19.59,7.51,0.00,19.27,4.37,0.00,14.73,4.08,0.02,15.92,4.44,0.10,17.18,5.04,0.06,18.41,4.55,0.02
2014.44,22.90,8.79,3.02,22.39,7.33,2.95,22.13,6.88,5.01,20.28,6.27,2.80,21.09,7.55,2.99,21.51,6.64,4.21,19.96,5.65,4.58,18.01,5.56,1.61,20.11,8.39,1.22,20.70,5.09,2.70,15.08,4.50,3.11,17.41,3.06,2.22,17.31,4.61,2.56,19.62,5.98,3.12
2014.45,16.91,4.69,5.79,16.00,3.40,4.69,16.86,3.13,4.86,14.67,3.02,4.80,15.29,3.42,4.40,16.21,2.62,5.31,14.50,2.65,6.00,13.60,2.56,1.63,15.19,4.00,1.42,13.96,1.83,1.35,11.66,1.33,2.11,12.18,-0.12,2.33,13.64,1.04,1.87,14.44,2.54,4.01
2014.46,12.03,-0.22,0.24,11.31,-1.21,0.31,11.58,-2.08,0.31,10.46,-1.90,0.35,10.88,-1.73,0.35,11.24,-1.85,0.27,11.45,-1.33,0.45,10.70,-1.01,0.15,12.04,0.78,0.00,11.90,-0.63,0.00,9.55,-0.66,0.30,11.47,-2.21,0.21,11.73,-1.55,0.12,10.89,-1.41,0.29
2014.47,8.75,-1.11,1.91,7.63,-3.06,2.27,8.51,-2.68,2.09,6.91,-4.18,4.31,7.83,-3.88,5.01,8.98,-3.72,7.41,7.14,-4.87,6.27,7.54,-3.66,8.04,8.78,-2.11,6.18,7.16,-3.80,5.34,6.39,-3.74,4.76,7.11,-6.32,3.33,7.98,-5.10,3.48,7.48,-3.99,5.26
2014.48,13.34,2.34,2.32,12.16,0.57,2.85,12.41,0.42,1.85,11.44,0.29,2.45,11.83,-0.24,2.39,12.51,0.00,2.10,11.81,-0.27,2.38,11.08,0.67,3.58,12.01,2.00,4.76,12.84,-0.80,2.18,10.00,0.41,2.17,10.87,-0.75,2.86,11.19,0.96,2.58,11.56,0.23,2.57
2014.49,15.14,6.47,5.39,13.71,6.07,8.06,14.78,6.37,7.10,13.23,5.78,8.10,13.91,6.11,7.43,16.71,7.18,8.96,14.95,6.70,7.95,14.87,7.34,5.62,16.44,9.36,3.31,15.70,5.39,5.41,12.43,5.34,5.06,13.76,4.59,3.28,14.00,5.71,4.37,14.33,6.28,6.96
2014.50,10.61,2.87,0.00,9.51,0.03,0.14,9.96,-0.25,0.14,8.16,-0.24,0.11,8.63,0.29,0.18,9.59,-0.97,0.10,8.25,-0.63,0.60,8.14,-0.70,0.64,9.52,0.30,0.20,9.46,-2.16,2.20,6.38,-0.80,1.36,6.34,-2.50,1.10,7.14,-2.30,0.58,8.30,-0.59,0.50
2014.51,10.98,2.73,1.43,8.99,2.25,1.76,9.52,3.09,1.64,7.10,-0.44,0.80,7.70,-0.36,0.77,8.53,-0.43,1.77,7.74,-1.51,1.35,7.33,-1.10,2.02,8.64,-0.17,2.03,9.29,-3.90,1.73,6.57,-0.81,1.25,7.91,-2.64,0.81,8.14,-1.51,0.59,7.78,-0.57,1.34
2014.52,12.16,3.59,1.10,11.23,2.50,2.36,12.12,2.42,1.93,10.74,1.66,4.00,11.44,2.02,3.50,11.33,2.10,7.65,12.02,1.51,7.78,9.69,1.73,9.98,10.83,3.07,9.98,12.94,1.27,7.42,9.72,1.64,7.29,12.03,1.78,3.05,13.56,1.58,3.59,11.03,1.87,5.97
2014.53,7.55,0.86,2.15,6.62,-0.62,2.88,7.26,0.32,1.97,6.02,-1.26,2.76,6.62,-0.58,2.95,7.58,0.61,4.84,7.10,-0.63,4.50,7.41,0.93,3.94,9.04,3.13,3.88,8.64,-1.43,3.40,6.36,0.56,3.20,7.39,-0.71,2.52,7.58,0.06,2.76,6.92,-0.15,3.48
2015.01,4.94,-6.94,1.71,3.87,-8.18,1.44,3.67,-9.25,0.74,3.23,-8.29,2.62,4.29,-7.88,2.31,4.88,-7.87,5.61,3.78,-7.81,4.26,4.34,-6.69,5.94,4.97,-6.25,6.35,6.36,-5.87,4.34,3.98,-6.17,4.35,4.88,-7.18,2.35,4.11,-6.94,1.97,4.10,-7.52,3.77
2015.02,6.78,-3.31,1.15,5.22,-3.81,2.02,6.89,-3.96,1.52,4.69,-4.14,2.84,5.72,-3.58,3.73,6.20,-3.49,5.14,5.01,-4.13,3.93,4.96,-2.73,5.71,5.92,-2.68,2.98,4.36,-3.24,5.84,4.70,-2.57,3.93,5.98,-3.24,2.55,7.35,-2.34,2.34,5.27,-3.50,3.73
2015.03,13.70,1.21,0.29,12.70,0.12,0.74,13.35,0.35,0.43,11.58,-1.28,1.72,11.82,-0.50,1.70,12.40,-1.07,2.00,11.52,-1.39,2.20,10.94,-0.20,3.32,11.70,1.41,3.78,13.03,-0.96,3.71,9.46,-0.67,3.46,10.79,-2.23,2.71,10.67,-1.39,3.42,11.50,-0.83,2.25
2015.04,13.12,0.66,0.57,11.32,-1.33,0.52,11.86,-1.65,0.68,8.76,-1.85,0.96,9.71,-1.03,0.47,10.34,-1.59,0.65,7.55,-3.06,1.24,7.67,-1.94,0.72,8.31,-1.75,0.17,7.23,-2.84,0.86,5.50,-3.17,1.04,5.82,-5.21,1.43,7.19,-5.49,0.89,8.47,-2.25,0.87
2015.05,9.95,-3.19,2.92,8.14,-5.38,3.24,9.55,-4.99,3.28,7.37,-6.19,3.20,8.85,-5.22,2.59,9.24,-5.70,2.71,7.07,-5.57,3.71,7.68,-4.66,2.99,8.75,-3.97,3.06,9.77,-4.35,2.22,6.82,-4.52,2.89,6.92,-6.07,2.73,9.01,-5.84,1.46,7.87,-5.38,3.03
2015.06,11.18,-0.33,0.00,9.92,-2.00,0.01,10.78,-2.35,0.00,8.58,-3.20,0.00,9.46,-2.48,0.14,10.22,-2.65,0.02,7.88,-2.76,0.23,8.77,-2.60,0.37,10.57,-1.69,0.18,11.27,0.64,0.25,7.51,-2.65,0.83,8.35,-4.56,0.80,8.71,-3.22,0.79,8.94,-2.70,0.25
2015.07,3.47,-7.88,7.21,0.96,-10.54,9.17,1.20,-9.64,10.24,-1.38,-12.77,9.19,-0.45,-10.86,9.20,0.06,-10.97,7.17,-2.03,-13.36,7.09,-0.93,-10.80,6.21,0.30,-10.18,5.83,-1.49,-13.50,5.61,-1.52,-10.73,5.57,-1.91,-13.69,3.50,-3.17,-12.49,4.77,-0.87,-11.70,7.31
2015.08,4.44,-4.78,5.91,2.84,-6.20,7.58,3.64,-6.09,6.77,2.12,-6.37,5.92,3.18,-5.91,5.80,4.60,-5.25,5.92,2.64,-6.22,5.61,3.37,-4.03,5.09,4.05,-4.35,5.41,2.93,-8.99,5.78,2.62,-4.38,5.32,2.97,-6.12,4.67,3.15,-6.46,3.75,3.05,-5.61,5.74
2015.09,9.90,-2.98,9.45,8.28,-4.58,8.69,9.15,-4.41,9.75,8.21,-4.86,9.82,9.31,-4.01,9.57,10.61,-2.74,8.52,9.43,-3.04,10.06,9.80,-0.80,6.18,10.58,-0.65,6.41,9.91,-1.04,8.15,8.99,-0.90,7.34,11.33,-2.14,5.89,10.21,-2.11,6.81,9.38,-2.93,8.48
2015.10,15.51,7.05,9.79,15.28,5.85,7.92,16.35,6.67,5.47,15.35,4.89,6.78,16.67,5.89,6.01,16.87,6.78,7.25,16.60,5.45,6.31,15.36,6.13,7.40,17.33,7.72,6.32,16.93,5.61,5.17,13.45,4.73,5.55,15.98,4.37,4.64,17.49,5.24,4.03,15.72,5.60,6.59
2015.11,20.64,7.58,1.29,18.21,5.20,1.53,19.25,5.73,1.69,16.51,4.19,1.16,17.39,5.39,1.19,19.29,5.82,1.75,16.82,4.39,1.69,16.43,5.47,2.88,18.13,7.10,1.93,16.40,4.67,2.68,14.13,4.01,2.92,15.11,3.10,3.13,16.79,4.38,2.63,16.90,4.82,1.93
2015.12,19.22,6.29,0.95,18.49,4.76,1.68,18.97,3.98,0.59,17.86,3.78,1.40,18.23,4.88,0.90,17.55,4.52,2.23,18.84,4.66,1.65,17.61,5.54,2.76,18.72,6.60,1.71,20.57,6.43,1.92,15.91,4.37,2.32,17.70,4.39,1.42,18.01,5.18,0.89,17.85,4.62,1.80
2015.13,22.97,9.34,3.12,21.59,6.25,3.49,23.37,6.04,2.54,20.05,3.73,3.80,21.86,4.70,2.86,21.64,4.89,3.88,20.12,2.93,4.25,18.53,4.51,4.96,20.65,6.44,6.02,20.09,2.77,3.87,16.02,2.70,4.36,16.87,1.28,4.76,19.48,3.55,5.12,19.78,4.04,4.08
2015.14,24.28,11.65,2.19,22.64,10.36,4.77,24.36,10.60,5.65,21.30,9.07,4.00,23.03,10.49,4.01,22.65,9.71,7.69,22.15,8.89,5.41,19.81,8.80,6.29,22.20,10.96,4.71,23.11,8.10,4.62,18.07,7.09,4.80,20.36,7.10,5.19,22.54,9.49,5.89,21.37,9.04,5.23
2015.15,24.73,13.50,4.28,23.44,12.47,8.77,24.52,12.85,7.79,21.62,11.23,9.08,22.75,12.27,10.22,22.68,12.69,5.85,22.53,11.52,6.06,19.82,11.46,6.82,20.68,13.24,14.00,24.10,14.84,6.12,18.33,9.88,6.25,20.45,9.90,5.82,23.78,10.76,3.41,21.58,11.60,7.37
2015.16,22.57,11.01,5.77,21.52,8.87,6.19,22.75,8.59,4.13,19.95,6.77,6.31,21.00,7.52,7.19,21.77,8.17,8.28,20.95,6.40,4.64,19.31,7.10,8.10,21.36,9.34,9.28,22.87,7.24,3.89,17.12,5.80,4.51,18.70,5.46,3.92,20.26,7.59,2.45,20.22,7.16,6.19
2015.17,22.62,9.27,0.00,21.47,7.18,0.00,21.61,6.65,0.08,19.58,5.45,0.60,20.44,6.54,0.46,21.32,6.08,0.30,19.45,4.97,1.13,18.44,5.93,1.34,20.22,7.75,1.33,20.47,5.09,2.06,15.95,4.55,1.69,17.23,4.26,1.59,19.60,6.00,0.57,19.42,5.69,0.87
2015.18,29.30,15.47,1.33,28.30,13.33,0.64,29.10,13.07,0.40,27.11,11.02,0.03,28.94,12.09,0.00,28.10,10.81,0.00,26.92,10.65,0.00,25.10,10.61,0.00,27.10,13.37,0.00,27.86,11.76,0.08,22.74,9.47,0.30,24.82,8.97,1.15,29.04,11.18,1.77,26.64,11.02,0.21
2015.19,27.34,16.46,8.64,27.03,14.46,4.24,27.45,14.54,2.70,26.51,13.19,0.97,27.65,14.58,0.44,27.52,13.91,1.64,27.34,13.54,0.78,25.09,13.52,0.54,26.86,16.47,1.43,29.06,16.26,0.08,22.93,11.77,0.64,25.76,11.33,1.35,28.77,14.17,0.20,26.34,13.50,1.35
2015.20,25.07,15.14,7.09,23.51,13.57,9.42,24.45,13.47,8.77,23.52,12.36,5.86,24.99,13.18,4.41,25.21,13.05,4.56,24.56,12.60,3.46,22.77,12.43,4.32,25.05,14.01,3.16,25.87,14.59,4.50,20.81,10.82,4.41,24.20,11.64,2.61,26.96,12.54,0.99,23.77,12.56,4.96
2015.21,28.83,19.10,4.36,27.15,17.87,7.17,27.67,17.87,5.17,25.80,16.00,5.98,26.89,17.24,6.24,26.37,16.86,8.42,27.07,16.07,4.32,24.42,15.26,7.37,26.60,17.14,7.81,28.50,15.93,1.31,22.98,12.77,2.02,26.30,13.50,2.91,30.29,15.95,1.20,25.95,15.84,5.57
2015.22,26.49,16.66,4.57,25.31,15.87,4.49,26.20,15.85,7.04,24.37,14.81,4.42,25.39,15.51,4.56,24.75,14.87,5.24,26.52,15.51,4.02,24.60,14.42,3.82,27.14,17.13,3.79,28.89,16.13,2.51,22.22,12.61,3.72,24.57,12.71,3.70,27.83,15.44,1.99,24.87,14.73,4.27
2015.23,33.39,21.95,1.45,32.22,20.25,2.11,33.23,20.38,2.30,29.74,17.99,4.38,31.02,19.02,5.88,28.83,17.56,2.64,30.11,17.35,4.02,27.25,16.43,3.70,29.75,18.85,4.05,31.34,17.77,4.44,24.72,14.60,4.68,26.97,15.20,3.54,30.87,17.55,2.76,29.04,17.46,3.80
2015.24,32.85,23.26,3.85,32.24,22.12,3.87,33.42,22.51,2.25,30.86,20.38,3.16,32.32,21.81,2.68,30.24,19.02,2.69,31.49,19.70,4.76,29.12,18.06,1.89,31.96,20.48,1.15,33.49,20.01,2.90,26.25,16.31,2.57,29.52,16.84,1.78,32.73,19.07,1.99,30.39,19.42,2.96
2015.25,34.18,23.52,1.70,32.95,21.94,6.29,33.72,21.68,7.86,30.89,20.09,5.86,31.96,21.43,3.01,29.89,19.10,7.14,31.11,19.79,4.60,29.13,18.35,5.93,31.79,20.85,3.30,33.07,18.74,1.77,26.06,16.01,4.16,29.11,17.21,4.77,32.14,19.79,4.16,30.30,19.35,5.28
2015.26,29.58,20.79,14.78,28.52,19.76,6.83,29.09,20.35,6.05,26.32,17.60,9.68,27.43,18.96,8.76,25.34,17.09,10.14,25.16,16.53,20.94,23.41,15.89,20.78,26.02,17.75,17.27,27.29,16.64,15.58,21.06,13.48,12.94,24.28,14.56,7.62,26.64,17.45,5.03,25.31,16.85,12.69
2015.27,32.00,22.47,0.88,30.78,21.32,2.48,32.20,21.29,3.22,29.23,19.63,6.82,31.23,21.08,5.64,28.45,18.78,3.73,29.65,19.47,7.14,27.00,17.98,5.62,30.31,20.82,2.14,29.39,19.44,6.45,23.97,15.49,5.48,26.96,16.99,3.89,30.33,19.59,3.09,28.53,18.96,5.22
2015.28,35.43,24.39,0.67,33.65,22.32,1.86,34.91,22.65,2.87,31.27,20.42,2.91,32.72,22.00,1.56,30.46,19.31,3.14,30.93,19.88,5.33,28.21,18.14,4.73,31.56,20.95,5.75,31.34,20.23,8.81,24.24,15.67,10.25,27.16,16.95,11.20,29.85,18.99,11.22,30.07,19.50,4.91
2015.29,34.38,24.37,5.63,32.69,22.77,5.78,33.88,23.11,4.46,30.38,20.55,4.57,31.61,21.83,4.00,29.45,20.10,3.62,30.24,20.30,4.01,27.93,18.80,5.00,30.76,20.88,5.72,32.14,20.73,8.11,24.77,16.24,5.98,27.66,18.40,4.01,31.04,20.25,2.86,29.55,19.98,4.71
